,sub,cj,rt,cor,rtcj,average_PE_amplitude,difficulty,condition
0,19,2,0.8229785,1,15504,-9.994366110528344e-06,hard,negativefb
1,19,5,1.4289591,0,1332,3.266903912189834e-06,hard,negativefb
2,19,6,0.9611801,1,571,5.8481873967609e-06,medium,negativefb
3,19,2,1.3449334998,1,1083,7.650544035785906e-06,hard,negativefb
4,19,4,0.7434295001,0,3108,8.08447918180197e-06,hard,negativefb
5,19,5,0.5030348001,1,1240,1.0114675750547516e-05,medium,negativefb
6,19,3,1.3695224,1,1601,-4.958802939516333e-06,hard,negativefb
7,19,5,1.7253292999,1,623,6.082203157225565e-06,hard,negativefb
8,19,6,0.8018504002,1,904,3.1747917729201318e-06,hard,negativefb
9,19,6,0.8050722999,1,712,-8.99263992880672e-06,easy,negativefb
10,19,5,0.7954942,1,1167,2.042120640357417e-06,medium,negativefb
11,19,5,0.8908299999,1,1072,1.3001579054238537e-05,hard,negativefb
12,19,5,0.7532938002,1,728,6.540027304569539e-06,medium,negativefb
13,19,5,0.7630328001,1,559,8.302301521936719e-07,easy,negativefb
14,19,4,1.1325466,0,1264,-1.2362125920244066e-05,medium,negativefb
15,19,5,1.1290376,0,675,1.9658438776843113e-05,medium,negativefb
16,19,4,1.4326426,0,1602,2.9698721424815712e-05,medium,negativefb
17,19,6,0.8577343,1,738,2.4758281695776703e-05,hard,negativefb
18,19,6,0.8786797,1,603,-4.969700786439963e-06,easy,negativefb
19,19,6,0.8734122,1,307,1.6169826060614895e-06,easy,negativefb
20,19,6,0.9680182999,1,387,6.150631476068311e-06,easy,negativefb
21,19,4,1.7216483001,0,2130,-9.185010207602752e-06,medium,negativefb
22,19,5,0.7807572,1,689,1.886210210058306e-05,easy,negativefb
23,19,6,0.7248992,1,362,1.0035542489928884e-05,medium,negativefb
24,19,5,0.9072235001,1,448,-9.230527985528384e-06,medium,negativefb
25,19,6,1.1272638999,1,516,8.417693918246709e-06,medium,negativefb
26,19,6,0.9763672999,1,987,6.926860335426551e-06,easy,negativefb
27,19,6,0.8539863999,1,372,-1.4368577063231679e-05,medium,negativefb
28,19,6,0.8899852,1,290,1.7801679764915497e-05,easy,negativefb
29,19,5,0.9685287999,1,1059,-4.37528486881029e-06,easy,negativefb
30,19,6,1.0331566001,1,402,-3.4479006992437246e-06,easy,negativefb
31,19,5,1.0903693,1,617,9.153944942185895e-06,hard,negativefb
32,19,3,1.3983457,1,661,-1.373511461345807e-05,medium,negativefb
33,19,5,1.1506232,1,432,1.658986434248705e-05,hard,negativefb
34,19,6,1.0075470998,1,604,8.707020630592522e-06,easy,negativefb
35,19,5,1.1416724999,0,871,7.434281803148498e-06,hard,negativefb
36,19,6,0.9770835,1,1232,2.440703678002601e-05,medium,negativefb
37,19,5,1.1431549999,1,883,8.334476907071104e-06,easy,negativefb
38,19,5,0.8756760999,1,529,-1.3266987075320985e-06,easy,negativefb
39,19,5,0.8479607,1,1275,8.582608967860073e-07,easy,negativefb
40,19,3,1.6179803999,1,460,1.8142961246164314e-05,hard,negativefb
41,19,6,0.9297695002,1,473,-2.6698278303313273e-06,easy,negativefb
42,19,5,0.8524289001,1,391,1.050117902091429e-05,easy,negativefb
43,19,5,0.9178938002,1,421,1.3047439647914642e-05,medium,negativefb
44,19,6,0.7529169,1,330,-4.512486824892395e-06,easy,negativefb
45,19,3,1.4118565,0,423,-1.8450852652619938e-05,hard,negativefb
46,19,5,0.9841501,1,527,-6.54095582633193e-06,medium,negativefb
47,19,4,0.7962447999,1,1229,-5.85091956308183e-06,medium,negativefb
48,19,4,1.4456835,0,709,1.231074277081093e-05,hard,negativefb
49,19,4,1.449523,0,770,-7.302826188168232e-06,hard,negativefb
50,19,3,1.4432963999,0,1165,4.09281069158389e-06,hard,negativefb
51,19,4,1.2264144998,0,737,1.0258982692681393e-05,hard,negativefb
52,19,5,1.1050064,1,298,-6.184270244280905e-06,medium,negativefb
53,19,6,1.5641933,1,482,1.2686610061149132e-06,easy,negativefb
54,19,5,1.2760733999,1,559,2.405603993511176e-06,hard,negativefb
55,19,5,0.9356924,0,566,-7.4643447150640284e-06,medium,negativefb
56,19,5,0.8965419,0,767,1.7108663547887615e-05,medium,negativefb
57,19,5,0.6961235001,1,232,-7.650018153594147e-07,medium,negativefb
58,19,5,1.7108918,1,155,-1.2982303181273874e-05,hard,negativefb
59,19,4,1.2038787999,0,394,-8.891219907036064e-06,medium,negativefb
60,19,5,1.3297635,1,584,1.7131582376500468e-05,easy,negativefb
61,19,6,0.7414463998,1,486,9.581894008744706e-06,medium,negativefb
62,19,6,1.2749469001,1,306,-1.3830113341785523e-05,easy,negativefb
63,19,4,1.4547067001,1,445,4.2117142597310835e-06,medium,negativefb
64,19,5,0.7620234999,1,577,7.70434307752286e-06,medium,negativefb
65,19,6,0.948657,1,375,-5.550767617674694e-06,easy,negativefb
66,19,6,1.2674413,1,296,7.518881506073593e-06,easy,negativefb
67,19,6,0.7949517998,1,416,-2.927047908753714e-06,easy,negativefb
68,19,4,1.2766022,1,2047,1.0362431264071348e-05,easy,negativefb
69,19,5,0.8784614999,1,381,-6.740586882346956e-06,medium,negativefb
70,19,6,0.9788450999,1,505,-2.142948728425573e-07,hard,negativefb
71,19,6,0.7533577001,1,617,1.753907996414861e-06,easy,negativefb
72,19,5,1.2108899001,0,357,-3.4292737543074186e-06,hard,negativefb
73,19,5,0.8398716,1,359,-5.709757237429981e-06,medium,negativefb
74,19,5,0.8320796001,1,315,6.424473528673192e-06,hard,negativefb
75,19,5,0.5108900999,1,493,5.6233205345573165e-06,easy,negativefb
76,19,5,0.5380158001,0,469,-2.285869153248075e-06,hard,negativefb
77,19,6,0.6045907,1,927,1.4397891325736483e-05,medium,negativefb
78,19,5,0.5805925,1,661,1.0352822019798598e-06,hard,negativefb
79,19,3,1.0631593,0,1187,1.0171729472413259e-05,hard,negativefb
80,19,5,0.8259661,0,277,1.215668469212152e-05,hard,negativefb
81,19,6,0.7136259,1,673,1.0621604753663653e-05,easy,negativefb
82,19,6,0.5528050999,1,594,4.478158928960453e-06,easy,negativefb
83,19,1,0.7674922999,0,1262,-9.63855137911152e-07,hard,negativefb
84,19,5,0.6796881,1,1140,1.4197269899275607e-05,medium,negativefb
85,19,4,1.5853265,0,394,1.135359506925522e-05,easy,negativefb
86,19,4,0.8650007001,1,1099,-6.363801161737477e-06,hard,negativefb
87,19,5,0.8806390001,1,622,6.666744455669284e-07,medium,negativefb
88,19,5,0.5880027001,0,816,1.488358968117789e-05,hard,negativefb
89,19,6,1.1577306001,1,741,-1.0424998164183986e-05,easy,negativefb
90,19,6,0.9514383001,1,292,-1.1550899315412846e-05,medium,negativefb
91,19,6,0.5331366002,1,742,1.0607119515495797e-05,medium,negativefb
92,19,6,1.1372264998,1,334,2.0165232526535242e-05,easy,negativefb
93,19,6,0.9935011999,0,316,1.2744652999284489e-05,medium,negativefb
94,19,6,0.7178372,1,430,-9.048043066749967e-06,easy,negativefb
95,19,6,0.7433950999,1,434,4.8030109979167476e-06,easy,negativefb
96,19,3,1.307541,0,799,5.746321756212767e-06,hard,negativefb
97,19,5,0.6928031002,1,614,-3.311430458534778e-06,easy,negativefb
98,19,5,0.8435915001,1,719,8.254137955790741e-07,medium,negativefb
99,19,4,0.7564669,0,743,1.3134629484094355e-05,easy,negativefb
100,19,4,0.9837803,1,789,6.571886995882279e-07,hard,negativefb
101,19,5,0.8690243999,1,598,-8.79250620910412e-06,medium,negativefb
102,19,6,0.7108989002,1,468,3.9998244662062146e-07,easy,negativefb
103,19,6,0.8092447999,0,644,2.299819778002327e-06,hard,negativefb
104,19,3,0.9407076,0,891,-1.0533765498945059e-05,medium,negativefb
105,19,4,0.7554647999,0,1916,-2.063051036750243e-06,hard,negativefb
106,19,5,0.6091129,1,411,2.270832554121892e-05,easy,negativefb
107,19,6,0.6146986999,1,437,-6.815018656954032e-06,medium,negativefb
108,19,6,0.7055395001,1,411,-1.171740867952229e-05,medium,negativefb
109,19,5,0.5833149999,0,550,-1.4492235195760268e-07,hard,negativefb
110,19,5,1.2426501,0,369,1.8598187323279186e-05,hard,negativefb
111,19,6,1.0253518999,0,620,1.0491500385589118e-05,medium,negativefb
112,19,5,0.559497,1,831,-6.333269164051068e-06,medium,negativefb
113,19,1,0.4437400999,1,1072,1.1774987452884976e-05,hard,negativefb
114,19,3,0.821608,0,887,7.321413661380963e-06,medium,negativefb
115,19,5,0.6249758999,1,526,5.4463074626106295e-06,easy,negativefb
116,19,5,0.7497431,0,830,-7.97244555194286e-06,medium,negativefb
117,19,6,0.7791055001,1,513,7.456792418662736e-06,hard,negativefb
118,19,5,1.4624214,1,1845,1.2807839233241504e-05,medium,negativefb
119,19,5,0.9148919,1,937,4.565211498181414e-06,easy,negativefb
120,19,6,0.5871365,1,352,-9.470412746598626e-06,easy,negativefb
121,19,4,0.9769858001,1,1230,1.8366879242224473e-06,medium,negativefb
122,19,6,0.4299480999,1,669,1.465161072520696e-05,medium,negativefb
123,19,6,0.6888893,1,731,9.736073464931036e-06,hard,negativefb
124,19,6,0.5102851,1,460,-9.13138801729604e-06,hard,negativefb
125,19,5,0.7333891001,1,878,-2.8122232592551066e-06,medium,negativefb
126,19,4,0.7786512999,1,752,1.1900634400538283e-05,hard,negativefb
127,19,6,0.8238510999,1,724,-4.2630050569475546e-07,hard,negativefb
128,19,5,0.7850349999,1,522,-9.689046428378738e-06,hard,negativefb
129,19,2,1.4698539001,1,1469,1.772723934204137e-05,hard,negativefb
130,19,5,0.6900517,0,473,8.052540647568205e-06,medium,negativefb
131,19,5,0.7682508,0,572,1.3674094264106944e-06,easy,negativefb
132,19,6,0.7039921999,1,700,4.863308368224192e-06,easy,negativefb
133,19,6,0.69405,1,614,3.140309061345182e-06,medium,negativefb
134,19,5,0.5109571002,1,589,2.8086720099469494e-07,easy,negativefb
135,19,4,0.9188531002,1,627,-9.074268542980115e-07,medium,negativefb
136,19,5,0.7975625,1,654,2.5642594823211783e-06,easy,negativefb
137,19,5,0.5421245,0,881,-1.081634995092818e-07,hard,negativefb
138,19,3,1.0779689001,1,1285,2.876473225369427e-05,easy,negativefb
139,19,4,0.7401513001,0,2567,6.445622756635119e-06,medium,negativefb
140,19,5,0.8430138,1,898,6.212565560798906e-06,hard,negativefb
141,19,6,0.8439405998,1,1727,1.1353846174306455e-05,easy,negativefb
142,19,5,1.2666783002,1,522,-2.0936123756354158e-05,hard,negativefb
143,19,5,0.7533587001,1,954,-7.669908683411695e-08,hard,negativefb
144,19,6,0.8857646,1,1156,2.142421304264479e-05,medium,negativefb
145,19,4,0.8690540001,1,1013,1.318215934458211e-05,hard,negativefb
146,19,4,0.5825711,0,936,4.045341265635985e-06,hard,negativefb
147,19,5,0.6262434002,1,701,-1.2925730976861239e-05,medium,negativefb
148,19,4,0.6734417998,1,1594,1.5275580451453492e-05,hard,negativefb
149,19,4,1.1663392,1,1054,-5.267033475784095e-06,easy,negativefb
150,19,5,0.9882245001,0,976,1.974664691553228e-05,hard,negativefb
151,19,5,0.5837621999,1,660,-2.919151607154186e-07,easy,negativefb
152,19,5,0.8647537001,1,1482,-5.588859307471773e-06,hard,negativefb
153,19,6,0.6273751,1,713,8.383882974233403e-06,easy,negativefb
154,19,6,0.7626742001,1,337,1.3871523177862413e-05,easy,negativefb
155,19,6,1.1540425001,1,488,1.1847482161437855e-05,easy,negativefb
156,19,5,0.8697646998,1,469,2.6998316146203746e-06,medium,negativefb
157,19,6,0.6075977001,1,620,7.271845189111069e-06,easy,negativefb
158,19,5,0.5713788001,1,496,2.480728617459438e-06,easy,negativefb
159,19,5,0.6970805,1,1027,-2.456236408734935e-06,easy,negativefb
160,19,5,0.6310542,1,772,-2.0742322415469685e-06,easy,negativefb
161,19,3,1.0195394,1,1296,8.652024041777376e-06,medium,negativefb
162,19,5,0.6164954002,1,532,6.51880288709675e-07,medium,negativefb
163,19,6,0.5240855999,1,879,-1.0186917882387954e-05,easy,negativefb
164,19,5,0.6602168998,1,1058,-1.6837017250904716e-05,hard,positivefb
165,19,3,0.5788368001,0,1380,1.2602268695842496e-05,hard,positivefb
166,19,5,0.6319772999,0,758,-1.4591687314677936e-05,hard,positivefb
167,19,2,0.58837,0,1172,6.2806952286083364e-06,easy,positivefb
168,19,5,0.6377785001,1,733,1.169223729075978e-05,easy,positivefb
169,19,5,0.6250070999,0,635,4.872892909976955e-06,medium,positivefb
170,19,6,0.5422370001,0,623,-1.1321502747055323e-05,hard,positivefb
171,19,6,0.7519169,1,683,5.242074075419497e-06,easy,positivefb
172,19,6,0.5758467,1,492,1.0157756708924058e-05,easy,positivefb
173,19,5,0.7701416998,1,892,2.0966300857646558e-06,easy,positivefb
174,19,6,0.5157476,1,631,4.607908112384331e-06,easy,positivefb
175,19,6,0.7129414,1,516,4.531724780244981e-06,medium,positivefb
176,19,5,0.6599963999,1,1048,-2.5251342737395077e-07,medium,positivefb
177,19,6,0.5704990001,1,449,-5.2452644368597754e-06,easy,positivefb
178,19,6,0.6588089999,1,472,9.806340802369807e-06,easy,positivefb
179,19,6,0.6708266002,1,446,1.2637707114756266e-05,easy,positivefb
180,19,6,0.8453187,1,461,-2.8958384524339206e-06,medium,positivefb
181,19,5,0.5798743002,1,552,-2.9778690188768866e-06,hard,positivefb
182,19,4,0.6072246998,1,1355,-2.171789446061301e-06,medium,positivefb
183,19,6,0.7559015001,1,747,-1.1175250912278247e-06,easy,positivefb
184,19,5,0.8322750002,1,478,2.5659944757777037e-08,medium,positivefb
185,19,4,0.5027470998,1,1033,1.151251731735103e-05,medium,positivefb
186,19,3,1.0783717001,1,888,7.51600600892321e-06,hard,positivefb
187,19,5,1.3286076998,1,465,1.5134429522707748e-05,easy,positivefb
188,19,5,0.7261076998,0,389,1.346464436347124e-06,hard,positivefb
189,19,5,0.6173256999,1,480,-1.643488204217745e-06,easy,positivefb
190,19,5,0.5586035,1,458,4.211551254860626e-06,hard,positivefb
191,19,6,0.7220023,1,493,1.704318795431558e-05,easy,positivefb
192,19,6,0.71373,1,353,-2.314398636225997e-06,easy,positivefb
193,19,5,0.7749569998,1,325,7.594039167683246e-07,easy,positivefb
194,19,4,1.1681365001,0,846,-8.848880993298325e-06,hard,positivefb
195,19,5,0.8318471001,1,361,2.1478922745779827e-05,medium,positivefb
196,19,5,0.8018845001,1,370,8.093603840066733e-06,hard,positivefb
197,19,5,0.6242561999,1,411,1.2449306970552248e-05,medium,positivefb
198,19,4,0.7646893,1,1139,-1.3853335895933366e-05,hard,positivefb
199,19,3,0.9571651001,1,1568,2.4906346972249694e-05,hard,positivefb
200,19,5,0.8409393001,1,548,-8.987447865416005e-06,medium,positivefb
201,19,5,0.8316420999,1,944,-1.1988497728557775e-05,medium,positivefb
202,19,5,0.7471395,1,320,-6.299415809937291e-06,medium,positivefb
203,19,5,0.6871380999,0,458,1.374051131777273e-05,hard,positivefb
204,19,5,0.6517824,0,319,-5.671267857726517e-06,hard,positivefb
205,19,6,0.6885716,0,508,-3.6763031909658134e-06,hard,positivefb
206,19,5,0.9190813999,1,389,1.387916124408687e-05,easy,positivefb
207,19,6,0.6359507998,1,415,-3.332250875395111e-06,medium,positivefb
208,19,3,1.3268244001,0,701,2.83913947832033e-06,hard,positivefb
209,19,3,1.2424761001,1,818,1.204380456056626e-06,medium,positivefb
210,19,5,0.8078009998,1,340,7.5342386811565866e-06,medium,positivefb
211,19,5,0.5536785,1,371,-3.447740580811053e-08,medium,positivefb
212,19,6,1.1894302,1,249,4.205624206179132e-06,medium,positivefb
213,19,6,0.6774976,1,245,-2.26280011248816e-06,easy,positivefb
214,19,5,0.8296818,1,477,2.483326119451527e-05,hard,positivefb
215,19,6,0.8648805001,1,923,5.166079904078109e-06,easy,positivefb
216,19,6,0.6045887,1,785,-1.193130230883013e-05,easy,positivefb
217,19,4,1.8386435001,1,1211,5.7547365432968e-06,medium,positivefb
218,19,5,1.1630062,1,320,-2.146493588865989e-06,medium,positivefb
219,19,4,1.1421291002,0,598,-2.736608753643091e-06,hard,positivefb
220,19,5,0.8420172001,1,290,-4.6106904443002785e-06,hard,positivefb
221,19,5,1.1522053999,1,971,2.9941656739391846e-06,medium,positivefb
222,19,5,0.9373400002,0,306,1.676923599226403e-05,hard,positivefb
223,19,5,0.8011743999,1,805,-6.097836895613919e-06,easy,positivefb
224,19,5,0.6207914001,1,687,-1.5129631574635676e-06,easy,positivefb
225,19,5,1.0077769,0,334,-6.690375005515375e-06,hard,positivefb
226,19,5,0.6752630002,1,329,3.15142493147326e-07,medium,positivefb
227,19,5,0.8297941999,1,429,3.7947688665650523e-06,hard,positivefb
228,19,5,0.8964142001,1,299,3.730500477454449e-06,hard,positivefb
229,19,5,0.8932703999,1,367,-9.521277597923163e-06,easy,positivefb
230,19,6,1.0093699,1,506,2.0733641792967755e-05,medium,positivefb
231,19,5,0.6175068,1,353,1.4465291754726689e-05,medium,positivefb
232,19,4,0.8222445999,1,549,1.5004347326240796e-05,medium,positivefb
233,19,5,0.7766412001,1,355,-7.777707038386567e-06,hard,positivefb
234,19,6,0.5546661001,1,466,1.7465130825545859e-06,medium,positivefb
235,19,6,0.7264031002,1,501,1.667367352299589e-05,easy,positivefb
236,19,6,0.7426050999,1,166,1.3299998670655416e-05,easy,positivefb
237,19,6,0.5094715999,1,542,7.673638565977457e-06,medium,positivefb
238,19,6,0.7213063,1,287,-6.3574787781947155e-06,easy,positivefb
239,19,6,0.6735946999,1,363,-8.944807205386344e-06,easy,positivefb
240,19,6,0.8110145,0,495,2.122001217339079e-05,hard,positivefb
241,19,6,0.7486391,1,479,9.009437617396591e-06,medium,positivefb
242,19,5,0.6270683,1,1095,-1.2053166797366937e-05,hard,positivefb
243,19,5,0.5289410001,0,585,6.2158956808593315e-06,medium,positivefb
244,19,6,0.7563796998,1,455,3.432482938108512e-05,medium,positivefb
245,19,6,0.7870398001,1,488,-2.697757110206261e-06,hard,positivefb
246,19,5,1.1880236,1,663,-2.9976563101971205e-06,medium,positivefb
247,19,6,0.7438683999,1,451,-6.341453792958416e-06,easy,positivefb
248,19,6,0.7760798,1,499,1.63433964709011e-05,medium,positivefb
249,19,6,0.6579058999,0,520,-1.3397953562610018e-05,hard,positivefb
250,19,5,0.6716779999,0,349,4.357370367926234e-06,hard,positivefb
251,19,5,0.7761108,1,387,-3.6508456455565038e-06,easy,positivefb
252,19,5,0.5715123001,1,367,1.6672140923671372e-05,hard,positivefb
253,19,5,0.6583798002,1,410,3.3051577507566083e-06,easy,positivefb
254,19,5,1.5660338998,1,333,-1.1237200738602708e-05,hard,positivefb
255,19,6,0.8759583,1,320,8.436835696638847e-06,medium,positivefb
256,19,6,0.6201366999,0,397,1.5292342765252903e-05,hard,positivefb
257,19,6,0.6459194,1,277,-3.835955627869024e-06,medium,positivefb
258,19,5,1.0468950998,1,389,-1.4027802580063331e-05,hard,positivefb
259,19,6,1.0026859001,1,272,1.571031040392631e-06,easy,positivefb
260,19,5,0.8705839999,0,341,1.9697417411043045e-05,medium,positivefb
261,19,5,0.7030037001,1,350,-4.907724490318201e-06,easy,positivefb
262,19,4,1.1070677,1,728,-1.8527618136094855e-05,hard,positivefb
263,19,5,0.7647165998,1,383,1.2150318879603504e-05,easy,positivefb
264,19,6,0.7106672998,1,438,1.69743018452414e-05,easy,positivefb
265,19,6,0.8200197001,1,310,1.904529723648573e-06,easy,positivefb
266,19,3,1.2147834999,0,1133,8.064956576382135e-06,easy,positivefb
267,19,1,1.2411668,1,1489,2.0575337676796354e-05,hard,positivefb
268,19,6,1.0714920999,1,557,1.8183703475334332e-05,easy,positivefb
269,19,5,1.1020108,1,653,8.262535425127568e-07,easy,positivefb
270,19,5,0.7709174,1,568,-6.792657364376113e-06,easy,positivefb
271,19,5,0.8064055,1,451,-1.7213870981494885e-07,hard,positivefb
272,19,5,1.0742996,1,393,-1.479998617738871e-07,easy,positivefb
273,19,4,1.2665203998,1,953,-2.1051231538496515e-06,hard,positivefb
274,19,5,0.9883947999,0,687,2.810206416432967e-06,medium,positivefb
275,19,5,0.7217292001,1,458,1.1251579404506808e-05,medium,positivefb
276,19,4,1.2044605999,1,521,-7.874110808759007e-06,hard,positivefb
277,19,4,0.9857926001,1,545,4.141559335257967e-06,hard,positivefb
278,19,5,1.0795952,1,483,1.8913894467817204e-05,medium,positivefb
279,19,5,1.6927689,1,767,1.3654214207692396e-05,hard,positivefb
280,19,6,0.6751192,1,520,-7.525663568956393e-06,medium,positivefb
281,19,6,0.6252820001,1,446,-5.133538912480849e-06,medium,positivefb
282,19,6,0.6471265999,1,357,3.0893162206589446e-07,medium,positivefb
283,19,6,0.7457818999,1,429,-2.028715938955435e-05,medium,positivefb
284,19,6,0.5801601,1,424,1.0663351716985898e-05,hard,positivefb
285,19,6,0.5851617001,0,387,6.985428834682254e-06,medium,positivefb
286,19,5,0.8054291999,1,518,-5.671293790887143e-06,hard,positivefb
287,19,6,0.9410385999,1,446,-9.851218583440335e-06,hard,positivefb
288,19,5,0.6467762999,1,1638,9.97164504968841e-06,easy,positivefb
289,19,6,0.6090568001,1,430,6.371222763937579e-06,easy,positivefb
290,19,5,0.6641708999,1,727,-6.037823926825337e-06,medium,positivefb
291,19,5,1.7693113999,1,518,4.627498328133565e-06,hard,positivefb
292,19,5,0.7842153001,1,366,-9.006749293511472e-06,hard,positivefb
293,19,4,1.5594176,0,420,-8.16818786636478e-06,hard,positivefb
294,19,5,0.7044887999,1,442,1.7650588011820186e-05,hard,positivefb
295,19,6,0.8840672001,0,696,-3.387199552417191e-07,hard,positivefb
296,19,5,0.8302178001,1,397,-1.5013239354791268e-06,medium,positivefb
297,19,4,1.3935421999,0,1113,-4.27016691585819e-06,medium,positivefb
298,19,4,0.8790507,0,556,1.5252407946784287e-06,medium,positivefb
299,19,4,1.3027180999,1,564,1.1826047357481446e-05,easy,positivefb
300,19,5,0.879675,1,1180,8.031175894698778e-06,easy,positivefb
301,19,5,0.8109392,1,401,1.0629799866423554e-05,easy,positivefb
302,19,5,1.0418225999,1,410,-3.3715832912691667e-07,medium,positivefb
303,19,5,0.6985261999,1,384,-6.785641160035552e-06,easy,positivefb
304,19,5,0.9759094999,1,924,-5.795816886932883e-06,easy,positivefb
305,19,5,0.715634,1,463,1.3952151178280389e-05,easy,positivefb
306,19,5,0.8628606,1,364,1.6007025769680854e-06,easy,positivefb
307,19,5,0.7256712001,1,340,-6.682533962944733e-07,easy,positivefb
308,19,5,1.0514676999,0,303,-1.3557341506914833e-05,hard,positivefb
309,19,5,0.8229230002,1,325,1.2533262095826291e-05,easy,positivefb
310,19,5,0.8862129999,0,280,1.2302273683822326e-05,hard,positivefb
311,19,4,1.0961745002,1,1013,8.749819540565321e-06,medium,positivefb
312,19,5,0.8471768,1,396,2.6252080394938565e-06,hard,positivefb
313,19,5,0.7442085,1,546,5.813352721695124e-06,medium,positivefb
314,19,5,1.2295166999,0,302,3.919628034659775e-05,hard,positivefb
315,19,5,1.2891489002,0,449,-3.1565151528769286e-06,hard,positivefb
316,19,5,0.6588938001,1,984,-8.534899382654655e-06,hard,positivefb
317,19,5,0.7563340999,1,389,2.9485176800903217e-06,easy,positivefb
318,19,5,0.8691817001,1,389,1.458931354136796e-06,easy,positivefb
319,19,5,0.6853040999,1,350,6.3010700889310896e-06,easy,positivefb
320,19,5,0.7287912001,1,326,-5.469333925668841e-06,medium,positivefb
321,19,6,0.5332211999,1,1063,4.200383081361493e-06,medium,positivefb
322,19,5,0.6312179998,1,372,-3.3168095937022696e-06,medium,positivefb
323,19,6,0.6185799001,1,818,1.6643853259364385e-05,easy,positivefb
324,19,4,1.4914048,1,488,-1.0817393009634076e-05,medium,positivefb
325,19,5,0.6864478001,1,411,1.1522490588231942e-05,easy,positivefb
326,19,6,0.9632132,1,327,-1.6502998900917685e-06,medium,positivefb
327,19,6,0.7635575,1,415,7.122669133149488e-06,hard,positivefb
328,19,4,1.4281941,0,808,3.157291970886456e-06,hard,positivefb
329,19,5,0.7499598998,0,333,5.3398132326260825e-06,easy,positivefb
330,19,4,1.191719,0,787,2.7880177693351286e-05,medium,positivefb
331,19,4,1.5383496,1,1065,-8.157231439962054e-06,medium,positivefb
332,19,5,1.2599746,1,591,-4.840194210233476e-07,medium,positivefb
333,19,5,0.6161586,1,482,7.2409485665838935e-06,easy,positivefb
334,19,4,0.8932283001,1,2685,5.204539406980983e-07,medium,positivefb
335,19,4,1.1907155998,1,837,-4.4221206532622455e-06,hard,positivefb
336,19,4,1.0551448001,0,493,-6.433127852768055e-06,hard,positivefb
337,19,4,0.8991606999,0,376,-1.0809032356217297e-05,hard,positivefb
338,19,5,0.7821303001,1,461,1.8334843450341604e-05,easy,positivefb
339,19,5,0.9649800002,1,487,7.222913285018019e-06,easy,positivefb
340,19,4,0.8886553,1,451,1.1185182756818673e-06,hard,positivefb
341,19,4,1.3896540999,1,508,-1.2716751791325216e-05,medium,positivefb
342,19,3,0.8255931002,0,5600,-3.2483730781866806e-06,medium,easy
343,19,5,0.7903731,1,836,8.176744744460448e-06,medium,easy
344,19,6,0.6133111001,1,637,-6.163261169724302e-06,easy,easy
345,19,4,1.2761885999,0,419,-1.6155897055095628e-05,hard,easy
346,19,4,0.5089048001,1,1074,2.9078922263674155e-06,easy,easy
347,19,5,0.7363362,1,413,-1.4700009340636559e-05,easy,easy
348,19,5,0.9634676001,1,410,-2.718354251605951e-05,hard,easy
349,19,5,0.8198994,1,331,2.2761057848128514e-05,hard,easy
350,19,4,1.1299236,0,468,1.752650999885136e-05,hard,easy
351,19,5,0.6101033001,1,476,-9.761612293877049e-06,easy,easy
352,19,5,0.6847959,1,785,-2.697367644912508e-06,easy,easy
353,19,5,0.9592176001,1,414,4.080820934746731e-06,medium,easy
354,19,4,0.8319029,1,607,-6.583874519971223e-07,hard,easy
355,19,5,0.7886349999,1,538,5.461692221757567e-06,easy,easy
356,19,6,0.5065066,1,563,1.6743748521260872e-05,easy,easy
357,19,5,0.6980206,1,676,8.367155618697352e-07,hard,easy
358,19,6,0.6502466998,1,514,-3.5776899590898407e-06,easy,easy
359,19,6,0.7805983,1,450,1.4341791238153818e-06,medium,easy
360,19,5,0.8286110002,1,466,-1.3417487704861136e-06,medium,easy
361,19,6,0.6800170999,1,519,-9.206016380302188e-06,easy,easy
362,19,6,0.5927058,1,797,8.181482346944441e-06,hard,easy
363,19,6,0.8314399,1,367,1.3693748306747629e-05,easy,easy
364,19,5,0.8968002,1,576,-4.400311249428112e-06,medium,easy
365,19,5,0.6537537,1,354,-3.818513376631996e-06,hard,easy
366,19,5,0.8569385002,1,373,5.962321917701342e-07,medium,easy
367,19,5,0.7598107001,0,363,4.555360474818732e-06,hard,easy
368,19,5,0.5821304,1,360,5.675366054865876e-06,hard,easy
369,19,4,0.9850746,1,389,-3.544227491233795e-06,hard,easy
370,19,5,0.7889759,1,393,1.0956414793379098e-06,easy,easy
371,19,6,0.5670506,1,358,1.752612516089387e-05,easy,easy
372,19,6,0.8696897998,1,312,-7.088117898115779e-06,medium,easy
373,19,6,0.7153738001,1,322,4.205697846615839e-08,medium,easy
374,19,6,0.5396311001,1,291,1.83140137449542e-05,hard,easy
375,19,6,0.4871203001,1,390,1.5339332307440124e-05,medium,easy
376,19,6,0.4867793,1,310,-2.869776220775769e-06,easy,easy
377,19,6,0.4841304,1,378,-3.82281186705083e-06,medium,easy
378,19,5,1.031494,1,341,2.2588146786634762e-05,medium,easy
379,19,4,1.2867679999,1,454,6.381029354365387e-06,hard,easy
380,19,5,0.7882079999,1,392,2.274314987246988e-06,easy,easy
381,19,5,0.7518262002,0,637,3.1069579162584064e-08,medium,easy
382,19,5,0.6401263,1,477,-1.0178402670462358e-05,easy,easy
383,19,5,0.6674758999,1,691,9.14069950500123e-06,medium,easy
384,19,5,0.8233367999,1,472,6.647342091035487e-07,hard,easy
385,19,4,0.5544040999,0,659,5.8295262942785905e-06,hard,easy
386,19,4,1.0023314001,1,1683,-1.613823160236027e-05,easy,easy
387,19,5,0.8319931,1,530,6.68505249514381e-07,easy,easy
388,19,4,0.9645932999,1,521,2.775328711186492e-05,hard,easy
389,19,5,0.7260481,1,459,-7.343882930510387e-07,easy,easy
390,19,4,0.9361892999,1,470,-5.086632634508524e-06,medium,easy
391,19,6,1.0092928999,1,446,-6.786756664228005e-06,easy,easy
392,19,4,1.1812173,1,576,8.957237438473606e-06,hard,easy
393,19,4,1.0677461999,1,610,-3.101614407303399e-06,medium,easy
394,19,4,1.1359776999,1,414,-8.606903152293282e-06,medium,easy
395,19,4,0.6461409999,1,391,1.7382884821023926e-07,hard,easy
396,19,4,0.8364205,1,2377,1.591521245173818e-05,hard,easy
397,19,5,0.6216352,1,372,-8.391807245137436e-06,easy,easy
398,19,3,0.6392837998,0,1327,-4.363273157600367e-06,medium,easy
399,19,4,1.5358144001,0,415,2.37331327357546e-05,medium,easy
400,19,5,0.8813476001,1,318,-1.0975069780479362e-05,medium,easy
401,19,5,0.7650146,1,428,-8.683191802135297e-06,medium,easy
402,19,5,0.6492963,1,340,-8.67663801129956e-06,medium,easy
403,19,5,0.7550613999,0,395,7.988108140009256e-06,medium,easy
404,19,5,0.6019325,1,407,1.7643770041223193e-05,easy,easy
405,19,5,0.6040260999,1,529,8.729824067683963e-07,hard,easy
406,19,5,1.0983779,1,1044,-6.433515565039483e-06,medium,easy
407,19,6,0.7508181001,1,1151,9.305473646448254e-06,easy,easy
408,19,4,0.9594419,0,590,-3.7534649232174758e-06,hard,easy
409,19,5,0.7871813001,1,377,3.780220418125883e-06,hard,easy
410,19,6,0.6011235001,1,326,1.3734698431943163e-05,medium,easy
411,19,6,0.5183654998,1,407,-4.2238227347939034e-06,easy,easy
412,19,6,0.4863772001,1,374,-2.0297400335409844e-06,medium,easy
413,19,4,0.869893,1,807,3.013865656625256e-06,medium,easy
414,19,4,0.5561815,1,453,4.747456796692979e-06,medium,easy
415,19,5,0.5587295999,1,383,-3.26759884626949e-06,easy,easy
416,19,6,0.627781,1,441,1.4847890132610948e-05,easy,easy
417,19,5,1.4384057,1,562,1.1612173432466656e-05,hard,easy
418,19,6,0.5148081998,1,346,6.615260582417167e-06,easy,easy
419,19,5,1.4828661,1,1124,1.237830345325876e-06,easy,easy
420,19,6,0.5714342,1,339,-4.5005026294079384e-08,easy,easy
421,19,3,1.5589584999,0,667,-3.5511432130079898e-06,medium,easy
422,19,4,1.0089008,1,524,-4.802909486211105e-06,hard,easy
423,19,5,0.6704496001,1,320,3.055257614301702e-06,medium,easy
424,19,5,0.6104027,1,382,-1.450050270935769e-05,medium,easy
425,19,5,0.5792451999,1,347,-9.351262954153923e-06,medium,easy
426,19,5,0.5141958001,1,299,1.6708767549075645e-05,easy,easy
427,19,5,0.4605606999,1,384,3.864531624125726e-06,medium,easy
428,19,5,0.7623294001,1,341,1.9889788448079867e-06,easy,easy
429,19,5,0.6727706001,1,383,-1.650666329714573e-05,easy,easy
430,19,5,0.5272279999,1,350,5.849442789239612e-06,hard,easy
431,19,5,0.7603332,0,292,1.43279890882569e-05,medium,easy
432,19,4,0.6358310001,1,755,-3.2564771774564463e-06,hard,easy
433,19,4,0.9549336,0,354,-1.3529606395721602e-05,hard,easy
434,19,4,0.6618011,0,348,7.499827902269831e-06,hard,easy
435,19,6,0.5469079001,1,491,2.4642960235687567e-06,easy,easy
436,19,5,1.2354511998,1,313,7.328405280004634e-06,hard,easy
437,19,4,0.7965382999,1,544,5.9994407663576745e-06,easy,easy
438,19,5,0.7851239,1,285,-7.119265347475133e-06,easy,easy
439,19,5,0.5905017999,1,413,5.261124103466494e-06,easy,easy
440,19,5,0.5784952,1,329,-5.5785019971260796e-06,easy,easy
441,19,5,0.6802446002,1,388,-2.4754692650413835e-06,hard,easy
442,19,6,0.4930885001,1,388,1.2170282640928891e-05,easy,easy
443,19,6,0.5555407,1,337,9.039478184022252e-06,medium,easy
444,19,5,1.6889775,0,291,1.1341529056901631e-05,hard,easy
445,19,4,0.9850248999,1,1043,1.2507741730967258e-06,medium,easy
446,19,5,0.9674148001,1,438,-3.7931801210934393e-06,hard,easy
447,19,5,1.0062706,1,527,1.443170070274604e-05,easy,easy
448,19,6,0.7181273,1,769,3.832742182221305e-06,easy,easy
449,19,5,0.9592000002,1,446,-2.582972412095797e-05,hard,easy
450,19,5,0.7306865,1,450,9.785805738263768e-06,medium,easy
451,19,5,0.9603827,1,525,-1.755811165631588e-06,hard,easy
452,19,5,0.6018705,1,579,-1.6309426609434843e-05,medium,easy
453,19,5,0.5971653999,1,551,-9.896486770175623e-06,easy,easy
454,19,4,1.8427176999,0,443,2.7779364282225085e-05,hard,easy
455,19,4,1.1359546001,0,590,-4.044981328685146e-06,hard,easy
456,19,5,0.6696563999,1,479,-1.3334152467873533e-05,medium,easy
457,19,4,0.9162839002,1,746,1.6599111929546403e-05,hard,easy
458,19,4,0.6975231001,1,596,4.744280309450397e-07,hard,easy
459,19,4,1.0663337999,0,404,-1.3859805805196792e-05,hard,easy
460,19,4,1.2736054999,1,1952,-5.200330281989889e-05,medium,easy
461,19,4,0.5274794002,1,623,3.7113013615724686e-06,hard,easy
462,19,4,0.9878823999,1,546,1.137088363784101e-06,medium,easy
463,19,5,0.6988102999,1,388,4.988801606550052e-06,hard,easy
464,19,5,0.6730727002,1,348,2.2161241286417025e-06,easy,easy
465,19,5,1.0613126999,1,743,1.4444106519233873e-06,medium,easy
466,19,5,0.8163798999,1,395,5.144838487678643e-06,easy,easy
467,19,5,0.8480794001,1,364,-2.1631388644851085e-06,easy,easy
468,19,6,0.9293969001,1,396,2.38901436841972e-07,easy,easy
469,19,6,0.5807020999,1,488,1.954511586976814e-06,easy,easy
470,19,5,1.0239271,1,1343,-5.284506487960202e-06,hard,easy
471,19,6,0.6173379,1,468,3.0295333190298605e-07,medium,easy
472,19,5,0.8449727001,1,418,3.642196455008357e-06,hard,easy
473,19,6,0.7615443999,1,629,7.179520133400028e-06,easy,easy
474,19,6,0.6650224,1,645,6.234220365360462e-06,easy,easy
475,19,5,0.7951537999,1,686,-1.1308722067833315e-05,medium,easy
476,19,5,0.6072240002,1,461,-5.527160596326907e-07,easy,easy
477,19,5,1.5007840001,1,1234,1.887388248991943e-05,medium,easy
478,19,4,1.0627425001,1,505,6.358371749259029e-06,easy,easy
479,19,4,0.7728563999,1,1241,-1.616117129139709e-05,hard,easy
480,19,5,0.8394879999,1,393,2.1821787219540406e-06,medium,easy
481,19,5,0.6669671999,1,898,1.0459718036443948e-05,medium,easy
482,19,6,0.7995698,1,433,4.529728294246691e-08,easy,easy
483,19,6,0.6166498999,1,410,-1.639918787644801e-05,easy,easy
484,19,6,1.0700259001,0,451,-9.412835503407842e-06,hard,easy
485,19,6,0.5461270001,1,461,-2.566456072344519e-06,hard,easy
486,19,5,0.9824849998,1,1271,8.04915562425907e-06,medium,easy
487,19,5,1.4406128998,1,638,-6.728137459267272e-06,easy,easy
488,19,5,0.6928621,0,427,-2.81152233936522e-06,hard,easy
489,19,5,0.634908,1,564,6.873515439603703e-06,medium,easy
490,19,4,1.3812163,1,425,9.917953288271684e-06,hard,easy
491,19,4,0.9854953,1,564,5.7923631864776545e-06,medium,easy
492,19,5,0.9455598001,1,571,-1.3071165322383402e-05,hard,easy
493,19,5,0.6980852999,1,427,6.510106851192674e-06,hard,easy
494,19,5,0.9353866,1,375,1.1324723307273404e-05,medium,easy
495,19,4,0.9515473,0,485,2.1223071972384532e-07,hard,easy
496,19,4,1.1763446999,1,422,-1.2128806408953238e-05,hard,easy
497,19,4,1.0422411002,1,1343,2.774351012672199e-05,hard,easy
498,19,4,0.8846899001,1,1177,-2.185780417980677e-06,easy,easy
499,19,4,0.6515732999,1,435,-1.9045579819497355e-05,hard,easy
500,19,4,1.0110388999,0,636,2.305781306313457e-05,hard,easy
501,19,4,0.889579,1,434,1.2687890234843947e-05,hard,easy
502,19,5,1.3843004,1,405,1.88922305354113e-05,easy,easy
503,19,4,1.0066782001,1,432,5.592307660435992e-06,medium,easy
504,19,4,0.8285518999,1,304,-5.706329896401698e-06,medium,easy
505,19,4,1.0223607998,1,2142,-1.3850949809108772e-05,easy,easy
506,19,3,1.076203,1,393,3.8421514159080346e-05,easy,easy
507,19,5,0.6523083001,1,1026,1.2437340249928204e-05,easy,easy
508,19,6,0.6794949002,1,486,-7.88162008328461e-06,easy,easy
509,19,6,0.5579842001,1,336,-1.0974943655507498e-05,medium,easy
510,19,5,0.9598987999,1,319,-1.2142401446396963e-05,medium,easy
511,19,4,0.6771734999,1,442,4.27906793859769e-06,easy,easy
512,19,4,0.8857410001,1,360,8.271315337154406e-06,medium,easy
513,19,5,0.6834114001,1,978,-2.276727422245385e-06,medium,easy
514,19,3,1.7162051001,0,873,2.158208340151796e-05,hard,easy
515,19,5,0.9218449001,1,308,9.711554372658467e-06,easy,easy
516,19,4,0.5035002001,1,439,-4.829019728307232e-06,hard,easy
517,19,4,1.1876399999,0,1572,1.0809654145669096e-06,hard,hard
518,19,4,1.0212662001,1,464,3.7883797926825094e-05,medium,hard
519,19,3,1.3471001,1,890,3.663500245446207e-05,medium,hard
520,19,5,0.6369930999,1,641,-1.572127325926779e-05,easy,hard
521,19,5,1.0359276,1,545,-1.8650362282070346e-05,easy,hard
522,19,5,0.7993958001,1,461,-1.0659437733685139e-05,easy,hard
523,19,4,0.8991357,1,474,1.934474982042089e-06,easy,hard
524,19,4,0.7363104001,0,523,-1.4709267478789705e-05,hard,hard
525,19,4,0.7015562002,1,686,-2.9554129963980473e-06,medium,hard
526,19,4,1.2230087998,1,405,1.237658002060973e-05,easy,hard
527,19,4,1.3050920002,1,628,1.095087117183718e-05,medium,hard
528,19,3,1.0825656001,1,1234,-7.469117638544807e-06,easy,hard
529,19,3,1.127567,0,759,-1.9324598935037765e-06,hard,hard
530,19,5,1.5015479,1,398,2.0320684728551388e-05,medium,hard
531,19,5,0.7953386998,1,387,-1.0255859573254544e-06,easy,hard
532,19,5,1.0740751999,1,507,-1.4912743884577504e-05,medium,hard
533,19,5,0.7527058001,0,1020,9.78289055187374e-06,hard,hard
534,19,5,0.9730648,1,383,-8.649076545491194e-06,hard,hard
535,19,5,0.9957895998,1,1115,1.018228788205428e-05,hard,hard
536,19,5,0.8454390999,1,399,6.523804460632638e-06,medium,hard
537,19,4,1.1603146,1,868,5.817269642088658e-06,medium,hard
538,19,4,1.0918371999,1,376,-1.3538951026892737e-05,medium,hard
539,19,4,1.1171241999,1,463,-8.774391673125075e-06,hard,hard
540,19,4,0.7789447,1,450,1.3881505431065609e-05,easy,hard
541,19,5,0.6790088001,1,710,2.287784820752349e-05,easy,hard
542,19,4,0.6642032999,1,1972,1.1104705961880767e-06,hard,hard
543,19,4,0.9883990001,1,1521,-1.175256442067523e-05,hard,hard
544,19,4,1.2060388001,1,454,-5.472149535467352e-06,easy,hard
545,19,4,0.7895122,1,487,6.305893310283467e-06,easy,hard
546,19,5,0.9045201999,1,755,-4.18686990958362e-06,medium,hard
547,19,5,0.8894454001,1,1140,4.997314066224206e-06,medium,hard
548,19,4,1.0689948001,1,735,1.930967666789843e-05,medium,hard
549,19,4,0.9590946999,1,430,-3.859872425601383e-06,hard,hard
550,19,4,0.7788046,0,465,-1.3487321530122719e-05,hard,hard
551,19,4,1.0600586,0,471,1.5983744944571845e-05,hard,hard
552,19,4,0.8052823001,1,422,1.688635358784627e-05,medium,hard
553,19,4,0.7047206,1,396,-1.4931192496193105e-05,medium,hard
554,19,4,0.7850646002,0,399,5.484978752515543e-06,medium,hard
555,19,4,1.0598569999,1,377,1.4952307546886592e-05,hard,hard
556,19,4,0.7494788,1,383,-1.9058056350745038e-06,easy,hard
557,19,4,0.9102816002,1,318,-1.6089298218399907e-05,hard,hard
558,19,4,0.6574204999,1,506,1.6327515155797653e-05,medium,hard
559,19,4,1.6195799001,1,328,-2.009204352125574e-06,hard,hard
560,19,4,0.9153417,1,394,-1.734885040818116e-05,easy,hard
561,19,4,1.3493303,1,389,1.3806201818284413e-05,easy,hard
562,19,4,1.0021584001,1,354,1.591770737985237e-05,medium,hard
563,19,4,0.6563637001,1,349,-1.3311762615366983e-05,hard,hard
564,19,4,1.2619560999,1,368,-1.6224715778209303e-05,easy,hard
565,19,4,0.6760625001,1,361,1.3782210374964068e-05,medium,hard
566,19,4,0.6657335002,1,275,1.1895987654824579e-05,easy,hard
567,19,4,0.6554310001,1,833,1.5059748016477397e-05,easy,hard
568,19,4,1.3763663,1,459,-6.582799985889902e-06,hard,hard
569,19,4,0.8860201,1,390,-8.978732010603152e-06,hard,hard
570,19,4,1.2179411999,1,347,2.3824418502147305e-05,easy,hard
571,19,4,1.3445860001,0,395,9.175033757573706e-06,hard,hard
572,19,5,0.7678618,1,479,2.2061975447397304e-07,hard,hard
573,19,5,0.7954644,1,352,-1.4080769297189486e-05,easy,hard
574,19,4,1.2905058998,1,849,6.891115067066503e-06,medium,hard
575,19,4,0.9785072999,1,347,-4.619318306516765e-06,easy,hard
576,19,4,0.7297,1,435,-1.769459937821272e-05,medium,hard
577,19,5,1.0772168001,1,930,-8.778438913246417e-06,hard,hard
578,19,5,0.7472031,1,402,5.548520285154585e-06,medium,hard
579,19,5,0.8242921,1,308,4.782968814833578e-06,medium,hard
580,19,5,0.6858673999,1,303,4.056087380348313e-06,easy,hard
581,19,5,0.9225321,1,306,4.972545479115421e-06,easy,hard
582,19,5,0.9713007999,0,322,1.5098103008713437e-06,hard,hard
583,19,5,0.8211592,1,279,-2.239293716221828e-06,medium,hard
584,19,5,0.9809187001,1,391,-3.4800893110124736e-06,easy,hard
585,19,5,0.8351091999,1,393,-4.7276884867574215e-06,easy,hard
586,19,5,0.800547,1,412,-1.0229949194128068e-05,hard,hard
587,19,5,0.8136185,1,462,8.310117025698427e-06,easy,hard
588,19,5,0.7799072999,1,320,8.97926847826965e-06,hard,hard
589,19,5,0.8555337,1,308,-1.3484567962472594e-05,hard,hard
590,19,5,1.1549229,1,349,2.1856638773381964e-06,hard,hard
591,19,5,0.8451575001,1,271,3.4933754603732635e-05,hard,hard
592,19,5,1.0395144001,0,830,-9.85093918053652e-06,hard,hard
593,19,5,0.629674,1,343,-9.584911884902837e-06,easy,hard
594,19,5,1.1492444,1,334,4.183327784167156e-05,hard,hard
595,19,5,0.7431132002,1,342,5.189707593215735e-06,medium,hard
596,19,5,0.8005646002,1,363,-1.4925140785826692e-05,medium,hard
597,19,5,0.6975253001,1,339,-7.897889801538519e-06,medium,hard
598,19,5,1.0208484,1,351,1.038690954033852e-05,hard,hard
599,19,5,0.8742169,1,305,2.83147833350266e-05,easy,hard
600,19,5,0.9754325,1,385,-6.226065555387474e-06,medium,hard
601,19,5,0.6761043,1,345,7.370527072581633e-06,medium,hard
602,19,5,0.9151750002,1,362,6.295436285410411e-06,hard,hard
603,19,5,0.7139983,1,274,2.2789620504136688e-05,easy,hard
604,19,5,0.8192826,1,312,-5.076638806829664e-06,easy,hard
605,19,5,1.1649889001,1,338,-1.7324697982934862e-06,hard,hard
606,19,5,0.7087594001,1,329,2.3103172104915198e-05,hard,hard
607,19,5,0.6627112001,1,278,1.0275952312444335e-05,medium,hard
608,19,5,0.8493947999,1,314,-5.433321519332468e-06,easy,hard
609,19,5,0.7613601999,1,324,-1.6381138487955825e-05,easy,hard
610,19,2,0.8367831998,0,1287,9.84338463600644e-06,medium,hard
611,19,5,0.8202924,1,471,6.878468107632237e-06,medium,hard
612,19,4,0.9545874998,1,754,-5.778101233594438e-06,medium,hard
613,19,5,0.6720638999,1,475,4.141630675644181e-06,medium,hard
614,19,4,1.0173349001,1,787,-4.278877444411203e-08,hard,hard
615,19,5,0.7721763998,1,455,9.437051387139271e-07,easy,hard
616,19,5,0.7873607001,0,441,-9.754152240997952e-06,hard,hard
617,19,5,0.6367241,1,289,3.898194882831868e-06,hard,hard
618,19,4,0.9374216001,1,1539,-2.107993544691817e-06,easy,hard
619,19,5,0.9380596001,1,387,5.363598089018726e-06,easy,hard
620,19,5,1.5916182001,1,454,-1.596749991917708e-05,medium,hard
621,19,4,1.3887650999,1,928,-1.469497701511069e-06,hard,hard
622,19,4,0.9336343,1,423,-5.23338077751115e-06,medium,hard
623,19,4,0.6675535,1,382,6.715660794293918e-06,easy,hard
624,19,4,1.0777753,1,343,6.860964054717907e-08,easy,hard
625,19,4,0.6652249,1,322,7.439806900311427e-06,medium,hard
626,19,4,0.8431860001,0,534,-1.6533979505256836e-06,medium,hard
627,19,4,1.4086989001,1,396,1.4354624232319054e-05,medium,hard
628,19,4,1.1950660001,1,335,3.98075091237861e-06,easy,hard
629,19,4,0.9439352001,1,335,-2.539203894824214e-05,medium,hard
630,19,4,0.709245,1,377,1.8295426459938894e-06,easy,hard
631,19,5,0.7837119999,1,300,1.5564728872510702e-05,easy,hard
632,19,4,1.3588659,0,366,-6.346800679663176e-06,hard,hard
633,19,4,0.7115006,1,406,3.4979199960625664e-07,medium,hard
634,19,4,0.9029579998,1,420,-8.872967762338434e-06,easy,hard
635,19,4,0.7910958999,1,376,3.0324228255567905e-07,hard,hard
636,19,4,0.9516143,1,533,-5.7184062126239425e-06,hard,hard
637,19,4,1.1686608,1,763,-1.0935667409263527e-05,medium,hard
638,19,4,1.8980931002,0,499,-1.5159803642493217e-05,hard,hard
639,19,4,0.8785153001,1,798,6.285449470185278e-06,medium,hard
640,19,4,0.9271799,0,428,7.555281623283182e-06,easy,hard
641,19,4,0.7988298999,1,366,1.0999313485891631e-06,medium,hard
642,19,4,0.6608435002,1,440,-9.684652895562083e-06,medium,hard
643,19,4,1.1869186999,1,361,-2.728548236155769e-05,hard,hard
644,19,4,0.7829183,1,368,1.655206245330723e-05,medium,hard
645,19,4,0.7759322,1,293,8.853421155726506e-06,easy,hard
646,19,4,0.8157180999,0,268,1.0412569612766378e-05,hard,hard
647,19,4,0.6926289999,1,296,-9.530218882754224e-06,medium,hard
648,19,4,0.8140717,1,383,-1.3877995477712707e-05,hard,hard
649,19,4,1.4748066999,1,328,1.4314432884488482e-05,easy,hard
650,19,4,1.2831051999,0,313,-1.5511424914840046e-05,hard,hard
651,19,4,1.1453418001,0,371,6.126070879714497e-06,medium,hard
652,19,3,1.4926748001,1,1372,3.6760462178688184e-05,easy,hard
653,19,4,0.9049065001,0,372,1.0834950381981805e-07,easy,hard
654,19,4,1.7550218999,1,1090,-8.892975829019908e-06,medium,hard
655,19,4,1.1577898001,1,600,-3.8638251722037356e-06,medium,hard
656,19,4,1.0732264,1,394,9.421631142873243e-06,medium,hard
657,19,4,0.7522831,0,382,-4.868414907678239e-06,hard,hard
658,19,4,1.5267938999,0,439,-1.1690949271164228e-05,hard,hard
659,19,4,0.755602,1,426,1.8939440690996857e-05,hard,hard
660,19,4,1.0014565,1,436,6.099266298880231e-06,easy,hard
661,19,4,1.3081165999,1,320,-2.2751896348708996e-07,hard,hard
662,19,4,1.0234912001,1,413,-1.156347377448767e-05,medium,hard
663,19,4,0.7130137,1,404,1.3111579128763256e-05,easy,hard
664,19,4,0.6057876002,1,335,1.461613109107584e-05,hard,hard
665,19,4,0.7582741,1,614,1.886195344156041e-06,medium,hard
666,19,4,1.0469919001,1,407,-1.70510354227046e-05,easy,hard
667,19,4,0.6860145,1,398,8.821494717554695e-07,medium,hard
668,19,4,0.6955976,1,357,1.8312331391538702e-05,hard,hard
669,19,4,0.7184446,1,302,-5.0835950640395715e-06,hard,hard
670,19,4,0.6586366999,1,283,-8.957105210319956e-06,easy,hard
671,19,4,1.0946413002,1,294,5.902880493537793e-07,medium,hard
672,19,4,1.3328622999,1,344,2.7511301005101237e-05,hard,hard
673,19,4,0.6317852,1,388,1.0804724319930565e-06,easy,hard
674,19,4,0.7831593,1,344,-8.625146011271602e-06,easy,hard
675,19,4,0.7655786001,1,271,-1.0285346042052303e-06,easy,hard
676,19,4,1.1544567998,0,265,1.1013514927520031e-05,hard,hard
677,19,4,0.7774975002,1,290,5.916598533520598e-06,easy,hard
678,19,4,0.8699914,1,262,-1.5211574669031815e-06,medium,hard
679,19,4,0.7313824999,1,289,3.022335998453836e-06,easy,hard
680,19,4,0.9038614,1,325,1.4701852842861945e-06,easy,hard
681,19,4,1.1536757001,1,285,1.5289204528677772e-05,hard,hard
682,19,4,0.7284103001,1,328,1.1648352286814472e-05,medium,hard
683,19,4,0.6512189,1,275,-6.059581415977805e-06,easy,hard
684,19,4,1.2672861002,1,329,-5.846319627048237e-06,hard,hard
685,19,4,0.6134180001,1,246,-2.1355679675657683e-06,easy,hard
686,19,4,0.9668512,1,569,-4.957837317368209e-06,hard,hard
687,19,4,0.8929753001,1,338,1.9520706579736855e-05,hard,hard
688,19,4,0.9228145001,1,1091,7.619688492837138e-06,medium,hard
689,19,4,0.6685543002,1,351,-2.1078217709921207e-05,hard,hard
690,19,4,0.8586994,1,642,1.9337259777729772e-05,easy,hard
691,19,4,0.7517555,1,300,2.0984378763489053e-05,medium,hard
692,19,4,1.2938263,1,335,-1.2252794157068017e-05,easy,hard
693,19,3,1.3908303999,0,446,-1.691624401493203e-05,hard,hard
694,19,4,0.7478463999,1,336,-1.0038862145346385e-06,easy,hard
695,19,2,0.6907337001,0,1162,1.9260371095252392e-05,medium,hard
