,sub,cj,rt,cor,rtcj,average_fr_amplitude,difficulty,condition
0,31,6,1.8368480001,1,368,5.203077770218667e-06,easy,hard
1,31,6,1.4126154999,0,811,1.4392050177358734e-06,medium,hard
2,31,6,1.5623056996,1,399,-1.4656468302004754e-06,easy,hard
3,31,6,1.8825156,1,519,1.1249580256271672e-06,medium,hard
4,31,6,1.8005006998,1,393,-3.4132185593139946e-06,hard,hard
5,31,5,1.9957266999,1,350,-2.968512383037367e-06,hard,hard
6,31,4,0.9767491003,1,811,-1.384660902147265e-07,hard,hard
7,31,6,1.2510519996,1,476,-2.0878290439169773e-06,easy,hard
8,31,6,1.2048009001,1,444,7.334199068435994e-06,medium,hard
9,31,6,0.9853834002,1,838,8.966861516265957e-06,hard,hard
10,31,4,1.2923546,0,499,-3.064549450381019e-06,hard,hard
11,31,5,0.8118308,1,1155,3.7589644110801273e-06,medium,hard
12,31,6,1.0237181,1,527,9.521614601895971e-06,easy,hard
13,31,5,1.7128198999,1,272,-7.800784458992466e-06,easy,hard
14,31,5,1.2429228998,1,646,-2.3224117004919846e-08,hard,hard
15,31,6,1.3942669998,1,440,-1.0134362376962278e-06,medium,hard
16,31,5,1.1248663999,1,586,-3.705869090742074e-06,hard,hard
17,31,6,0.9761394002,1,335,-3.097905766813443e-06,easy,hard
18,31,6,0.8956209002,1,353,1.3324255591321882e-06,easy,hard
19,31,4,1.2146087,1,464,7.131579113890311e-06,medium,hard
20,31,4,1.1159251002,1,1157,8.230673893128108e-06,medium,hard
21,31,4,1.3863784,1,1008,7.870844078095631e-06,easy,hard
22,31,4,1.5357108996,1,411,-4.211785767472422e-09,medium,hard
23,31,5,1.1121266,1,373,5.157630908469235e-06,medium,hard
24,31,6,0.8363475003,1,567,-1.7864438236704897e-07,easy,hard
25,31,5,0.8070355998,1,375,3.535763498406924e-06,hard,hard
26,31,4,1.3176945001,1,439,-4.432375041902868e-07,hard,hard
27,31,5,1.1072193002,1,653,9.110755830812862e-06,hard,hard
28,31,6,1.7597210002,1,352,1.1564246269288864e-06,easy,hard
29,31,5,0.8704557,1,312,2.6178111917482907e-06,easy,hard
30,31,5,1.5390507001,1,510,1.9889711319474656e-06,hard,hard
31,31,6,0.8689760999,1,219,1.1337786350503862e-07,easy,hard
32,31,6,0.9767384999,1,335,-1.6560127942929285e-06,easy,hard
33,31,4,1.9427823001,1,453,7.4377357523087325e-06,medium,hard
34,31,5,1.1271792999,1,422,-9.409416483689136e-06,easy,hard
35,31,6,0.8252977999,1,359,3.633465520266084e-06,hard,hard
36,31,3,1.4500082,1,513,4.29909173718652e-06,medium,hard
37,31,6,0.9860991002,1,519,3.606611773507874e-06,easy,hard
38,31,6,0.7090572002,1,378,4.5739390076179996e-06,easy,hard
39,31,6,0.7152219,1,322,6.5780570666201624e-06,easy,hard
40,31,6,0.6250931001,1,350,1.8605099964068738e-06,medium,hard
41,31,6,0.6472719,1,346,-9.114978855276827e-06,medium,hard
42,31,4,0.6487720003,0,1045,1.0608201118099846e-05,hard,hard
43,31,5,1.1837777998,1,464,-4.904209001800919e-06,medium,hard
44,31,4,1.1329517001,1,499,2.1307824594368102e-06,medium,hard
45,31,5,1.6586675998,1,687,-2.4803877102373785e-06,hard,hard
46,31,5,0.8258121,1,644,3.839498969609835e-06,easy,hard
47,31,5,0.6733109998,1,352,4.908062296045902e-06,medium,hard
48,31,4,1.1455814,1,424,1.0048779416888278e-05,hard,hard
49,31,2,1.3193077999,0,1268,-2.2541545821405466e-06,hard,hard
50,31,5,1.2270251,1,323,-6.7000633432857315e-06,hard,hard
51,31,6,0.9381675003,1,389,5.4684066654504605e-06,medium,hard
52,31,4,1.5104405,1,411,1.0278883032531514e-05,medium,hard
53,31,5,1.0183917996,1,325,-3.127107767404544e-06,easy,hard
54,31,6,0.8022558,1,379,2.5777738482195684e-06,medium,hard
55,31,5,1.1694379002,1,352,3.023256295349035e-06,hard,hard
56,31,4,0.6780904001,1,794,-1.5810877854750352e-06,hard,hard
57,31,5,1.3022563001,1,472,1.235920639720332e-06,hard,hard
58,31,6,0.7084084,1,364,-4.02350608709919e-06,easy,hard
59,31,5,1.1325806999,1,739,7.287734333257387e-06,medium,hard
60,31,6,1.2384640002,1,536,-8.173381466844506e-06,easy,hard
61,31,5,1.4415100003,1,352,-4.236243760354731e-06,easy,hard
62,31,4,1.2268488999,1,661,7.523349212267061e-06,hard,hard
63,31,4,1.7418475999,0,671,3.8655365987591834e-06,hard,hard
64,31,4,1.6088593001,1,391,5.3102955397170115e-06,medium,hard
65,31,5,1.0381832998,1,881,9.323600237138302e-06,medium,hard
66,31,5,0.9622086999,1,681,-2.623508839088818e-06,medium,hard
67,31,6,1.0469236001,1,361,-1.919693037524775e-06,hard,hard
68,31,5,1.4702901999,1,818,8.728690325019969e-07,hard,hard
69,31,6,1.0870853001,1,497,-7.423572430597579e-06,easy,hard
70,31,6,0.8671013,1,429,1.2274249707779114e-05,medium,hard
71,31,6,1.0645031999,1,387,2.4882804158478962e-06,easy,hard
72,31,5,1.4231978999,0,639,-1.383093979987873e-06,hard,hard
73,31,6,0.7536403998,1,394,-4.168162610314341e-06,easy,hard
74,31,4,1.3377150996,1,534,2.3517345314366585e-06,easy,hard
75,31,4,1.0527094998,1,834,4.891992418995999e-06,easy,hard
76,31,5,1.1473099999,1,693,7.664288614637355e-06,medium,hard
77,31,6,1.2415733002,1,414,-2.9658180897617417e-06,medium,hard
78,31,4,0.9797059,1,442,-6.785866773093232e-06,hard,hard
79,31,5,1.0703286999,1,399,-8.531038882629706e-06,medium,hard
80,31,6,1.7628079001,1,237,-5.482314236507633e-06,easy,hard
81,31,6,0.6836307999,1,379,2.373795741483429e-06,hard,hard
82,31,6,0.9114239998,1,817,6.435846349750695e-06,easy,hard
83,31,6,1.3147926,1,174,9.265505968149592e-06,medium,hard
84,31,6,0.6650581998,1,256,3.7716991141310447e-06,easy,hard
85,31,5,0.6706242999,1,1261,-4.277229027639023e-07,medium,hard
86,31,4,1.0081186001,1,559,2.9810746899769366e-06,hard,hard
87,31,5,0.9187002,1,551,2.9815916190853968e-06,medium,hard
88,31,5,0.5286304997,1,511,3.500325325777327e-06,hard,hard
89,31,5,0.9337112,0,699,1.7488188244206526e-06,hard,hard
90,31,3,1.1318126,1,757,2.43029201360841e-06,hard,hard
91,31,3,1.3676523003,1,600,-1.8269427739161978e-08,hard,hard
92,31,4,0.8611382996,1,383,-3.901656896723137e-06,medium,hard
93,31,4,1.0956402998,1,488,-2.7899768988261755e-09,medium,hard
94,31,4,1.3953790003,1,478,1.083220681783574e-05,medium,hard
95,31,5,1.0663068001,1,357,-8.00729282029451e-07,easy,hard
96,31,6,1.1410451001,1,395,-7.75853011079717e-06,medium,hard
97,31,6,0.9015357001,1,395,4.4168938399320777e-07,easy,hard
98,31,4,1.8169752997,1,551,4.52920662937026e-06,medium,hard
99,31,6,1.0780724999,1,328,-4.99570934777271e-07,easy,hard
100,31,5,0.6795518002,1,1097,1.2353931693747428e-05,medium,hard
101,31,3,1.0121933999,1,808,-4.078586087713199e-06,hard,hard
102,31,5,1.6058670999,1,811,9.369333048787257e-06,medium,hard
103,31,5,0.9867040003,1,518,1.136171280907348e-05,medium,hard
104,31,4,1.1274469001,1,648,7.96559514621379e-06,hard,hard
105,31,6,0.7987788003,1,273,4.454320452278552e-06,easy,hard
106,31,6,0.7069601002,1,333,-1.798361865501036e-08,medium,hard
107,31,6,0.8631255003,1,319,-2.0984813868102064e-06,medium,hard
108,31,2,1.1980177998,1,1427,2.3132660592660367e-06,hard,hard
109,31,4,1.1474933997,1,899,1.7626520736870677e-05,hard,hard
110,31,4,0.7796360003,1,579,-6.514442330421086e-06,easy,hard
111,31,4,1.0840803999,1,356,-5.357458889238528e-06,medium,hard
112,31,6,0.6895464999,1,333,8.712576869676995e-06,hard,hard
113,31,5,0.6333500999,1,342,5.646077450446744e-06,easy,hard
114,31,5,0.7060297998,0,288,1.2187961505537014e-05,medium,hard
115,31,5,0.7228553998,1,473,-1.7896202171251192e-06,hard,hard
116,31,6,0.8730339999,1,647,6.022493027479207e-06,easy,hard
117,31,6,0.7520317999,1,367,4.7887944817209966e-06,easy,hard
118,31,5,0.7149882,1,534,-3.970155909579998e-06,hard,hard
119,31,5,0.8943705996,1,577,-2.39624417970367e-06,easy,hard
120,31,4,1.0188147998,0,850,-9.002510912398061e-06,hard,hard
121,31,3,1.7463515,1,414,9.859928747148859e-06,hard,hard
122,31,6,0.7502490999,1,323,-2.2571159923082886e-06,easy,hard
123,31,6,0.6567625999,1,335,-2.9988036405952444e-06,hard,hard
124,31,6,0.9111088999,1,353,5.183805233243659e-06,medium,hard
125,31,6,0.926461,1,336,-3.5355454052715826e-06,easy,hard
126,31,5,0.8311311002,1,1623,4.177459470461994e-06,hard,easy
127,31,4,1.1389760999,0,570,6.549046293785977e-06,hard,easy
128,31,6,0.5786076002,1,430,1.2121940234225682e-05,easy,easy
129,31,5,0.7793791001,1,511,2.5204087736534584e-06,medium,easy
130,31,6,1.4506935002,1,340,4.460722294560831e-07,easy,easy
131,31,5,0.7011354999,1,333,3.517625209954589e-06,hard,easy
132,31,4,1.1416175999,1,422,-8.878119026133712e-06,medium,easy
133,31,6,0.5691624996,1,353,6.252508716253236e-06,medium,easy
134,31,6,0.6040952001,1,487,3.458604112525959e-06,easy,easy
135,31,4,0.9103907002,1,338,6.929321971647385e-06,medium,easy
136,31,4,1.3233862999,0,724,4.267896198329193e-07,hard,easy
137,31,6,0.7395261996,1,412,8.167512993399993e-09,easy,easy
138,31,6,0.5319106998,1,424,3.668769087573371e-07,medium,easy
139,31,6,0.6339726001,1,338,5.248654885796995e-06,easy,easy
140,31,5,0.7209812999,1,394,1.8972343397051259e-06,medium,easy
141,31,3,0.7305433,1,544,3.5869077423642964e-06,hard,easy
142,31,6,0.6154855001,1,485,7.6152920996744e-07,hard,easy
143,31,3,0.5418761997,0,848,1.2140641877773672e-06,hard,easy
144,31,6,0.6294282,1,519,-7.134092921163623e-08,easy,easy
145,31,5,0.9430129998,0,400,-3.3946680645463266e-06,hard,easy
146,31,5,1.0598348998,0,376,6.362011300788113e-06,hard,easy
147,31,6,0.7683216003,1,365,3.5219120725173807e-06,easy,easy
148,31,6,0.5809475998,1,330,3.089880664296908e-07,easy,easy
149,31,6,0.5975569002,1,457,-2.8224229095894107e-06,easy,easy
150,31,4,1.1707572998,1,1355,-4.263515945814622e-06,hard,easy
151,31,4,1.7753598997,0,385,-3.986081662552356e-06,hard,easy
152,31,5,1.2445584,1,418,7.855118647806518e-06,hard,easy
153,31,6,0.6744726999,1,346,-3.084632731894793e-06,hard,easy
154,31,6,0.7987429001,1,367,5.959719943872659e-06,hard,easy
155,31,6,0.8440961,1,433,7.301893695150932e-06,medium,easy
156,31,5,0.762259,1,501,4.952449063785374e-06,easy,easy
157,31,6,0.6947693997,1,361,6.318743655204941e-06,easy,easy
158,31,6,0.6353035001,1,932,1.1239424102892013e-05,medium,easy
159,31,5,0.6975087002,1,597,-1.7350018045274155e-06,easy,easy
160,31,4,1.0056777,1,496,-2.0975069164001086e-06,medium,easy
161,31,5,0.7344064,0,402,2.3786906399913943e-06,medium,easy
162,31,1,0.6781877,0,1080,9.200219646001335e-07,medium,easy
163,31,5,1.6143900999,1,353,-7.783069746992886e-06,easy,easy
164,31,6,0.6230159001,1,462,5.392328765579813e-06,easy,easy
165,31,6,0.6384385,1,432,1.279157795252524e-05,easy,easy
166,31,5,0.6795398998,1,423,5.766357727443585e-06,medium,easy
167,31,2,1.2718122001,1,470,2.5026908165162788e-06,hard,easy
168,31,5,1.0571363,1,236,-7.2966099978100095e-06,easy,easy
169,31,3,0.6087576998,0,1389,3.438836595158345e-06,hard,easy
170,31,5,0.9718892002,1,402,-2.1904102499374097e-06,medium,easy
171,31,5,0.8593103997,1,691,-9.602419129802627e-06,hard,easy
172,31,4,1.0176761998,1,594,5.231543177322073e-06,easy,easy
173,31,4,1.4674283001,1,354,8.311368696338178e-06,hard,easy
174,31,5,0.8448378001,1,355,-3.572008198541061e-06,medium,easy
175,31,6,0.8029784001,1,314,8.197184341347266e-06,medium,easy
176,31,3,1.5985598001,1,512,1.5362185011997603e-06,hard,easy
177,31,5,0.7138188002,1,370,1.1338948795458266e-06,medium,easy
178,31,4,1.7887237999,1,377,7.189766689511811e-06,easy,easy
179,31,4,1.8839056999,0,385,3.0136252744289775e-06,hard,easy
180,31,4,0.6547221001,1,495,5.185759534789518e-06,medium,easy
181,31,5,0.7837842,1,495,1.6712776320056228e-06,hard,easy
182,31,4,1.3474315,1,745,1.0891542001759332e-05,hard,easy
183,31,6,0.8970248997,1,394,5.134150987472965e-06,medium,easy
184,31,6,0.6180614,1,340,8.939652595627794e-06,easy,easy
185,31,4,1.1867272998,1,363,1.4491118349126758e-06,hard,easy
186,31,5,0.7913648002,0,328,-9.747846846429845e-07,hard,easy
187,31,4,1.2641698997,0,379,-2.178380465253847e-06,hard,easy
188,31,5,0.8631867999,1,396,-7.10984908875082e-06,easy,easy
189,31,3,1.3304229998,1,571,-5.004307928956903e-06,medium,easy
190,31,5,1.0583869,1,478,-2.638374443122724e-06,medium,easy
191,31,5,0.6334676999,1,611,1.328459472615164e-05,hard,easy
192,31,4,0.8465287001,1,828,3.3033737869082747e-06,medium,easy
193,31,6,0.7855067998,1,350,7.387879680427132e-06,easy,easy
194,31,6,0.7565621999,1,357,-5.76937301028073e-06,easy,easy
195,31,6,0.9359812997,1,373,7.203422895423035e-06,medium,easy
196,31,6,0.6511280998,1,319,8.823823568272295e-06,medium,easy
197,31,6,1.0015321998,1,373,5.836343883790772e-06,easy,easy
198,31,4,1.2721775998,1,630,2.7750398265843277e-06,easy,easy
199,31,6,0.7141244002,1,324,1.322669568435028e-06,medium,easy
200,31,6,0.6034431998,1,338,1.1348208535076148e-05,medium,easy
201,31,6,0.6716801999,1,349,-2.7674314858397147e-06,easy,easy
202,31,5,0.8441176,1,432,-4.0393706283707425e-06,hard,easy
203,31,6,0.6140081999,1,295,1.2374052716151818e-06,medium,easy
204,31,5,0.9932756997,1,505,2.659909767402347e-07,hard,easy
205,31,6,0.6243228,1,335,1.390935208585224e-06,easy,easy
206,31,5,1.0585988997,1,330,-4.546585524340075e-06,easy,easy
207,31,4,1.1145028002,1,403,-5.282236314946701e-06,hard,easy
208,31,5,0.8047659001,1,407,-4.786362549755606e-06,medium,easy
209,31,5,0.7398008001,1,1115,3.888703695792167e-06,easy,easy
210,31,2,0.6910384004,0,1068,3.638069004817386e-06,easy,easy
211,31,6,1.0261303,1,297,-9.319395177370853e-06,easy,easy
212,31,5,0.7979743998,1,306,4.108582288756101e-06,medium,easy
213,31,5,0.5709648998,1,338,7.387462661900931e-06,easy,easy
214,31,6,0.6922963001,1,363,5.731476431850557e-06,easy,easy
215,31,5,1.2151172999,1,447,-1.3762332117894262e-06,medium,easy
216,31,6,0.5812922004,1,313,9.653634072645942e-06,medium,easy
217,31,4,1.1278831,1,1027,-2.4676794275913854e-06,hard,easy
218,31,6,0.5524279,1,263,5.8554909427244805e-06,easy,easy
219,31,5,0.7805371,1,401,5.210520809375419e-06,easy,easy
220,31,5,0.6096685003,1,1162,-2.60647856645853e-07,easy,easy
221,31,3,1.5636075004,1,881,1.832979086574223e-06,hard,easy
222,31,6,0.6830187999,1,261,1.8164668075117018e-06,medium,easy
223,31,6,0.6228748001,1,196,7.849224978427776e-06,medium,easy
224,31,4,1.4447402004,1,549,-9.031021385321074e-06,hard,easy
225,31,5,0.9611286996,1,476,8.831303100837717e-06,medium,easy
226,31,5,0.5798265999,1,263,6.853335289142619e-06,easy,easy
227,31,6,0.6222534999,1,295,1.3161611229709846e-06,medium,easy
228,31,6,0.5652361,1,295,4.303480025442181e-06,easy,easy
229,31,5,0.7501397999,1,368,7.24573610154351e-06,hard,easy
230,31,4,0.8073650002,1,357,1.0407629393643747e-05,hard,easy
231,31,6,0.6367243999,1,256,1.2790559107862133e-05,easy,easy
232,31,5,0.7891118997,1,1050,-6.111070753706214e-06,easy,easy
233,31,5,1.0387863,1,346,-4.6201475252649257e-07,easy,easy
234,31,4,0.7839086,1,400,4.356566727814146e-06,medium,easy
235,31,4,0.9126264998,0,429,-3.676323148794526e-06,medium,easy
236,31,5,0.9749015998,1,344,6.024441927261417e-06,medium,easy
237,31,4,0.753122,0,751,-1.6410569095239055e-06,hard,easy
238,31,4,0.941813,0,686,-4.039927002448947e-07,hard,easy
239,31,5,0.7541073002,1,344,2.4441778122212897e-06,hard,easy
240,31,5,0.7313569002,1,352,5.504997777058915e-06,medium,easy
241,31,4,1.7592926999,1,336,-1.959615267126792e-06,hard,easy
242,31,5,1.7552936999,1,305,5.2330665322784384e-06,hard,easy
243,31,6,0.6905805999,1,282,1.3556951360906624e-05,hard,easy
244,31,5,1.2611425999,1,450,7.63644772358769e-06,medium,easy
245,31,2,0.7101651998,0,871,1.1754494852886583e-06,easy,easy
246,31,4,0.9895134,1,495,5.13183408636344e-06,hard,easy
247,31,5,0.8651553998,1,284,1.7364036580458382e-06,easy,easy
248,31,4,0.876466,1,497,-8.968326040446307e-07,medium,easy
249,31,6,0.8336965004,1,334,3.87138240071706e-06,easy,easy
250,31,5,1.4291850999,1,426,-2.432388064664296e-06,easy,easy
251,31,5,0.6186285,1,341,4.570150442515223e-06,hard,easy
252,31,4,0.9878739999,1,467,6.1157139589881924e-06,hard,easy
253,31,5,0.7099452997,1,392,2.71509530445258e-06,easy,easy
254,31,5,0.7342161997,1,430,-1.191953446540023e-06,easy,easy
255,31,6,0.7661003997,1,386,5.121862501778141e-06,hard,easy
256,31,6,0.6385895,1,444,6.056225576162803e-06,hard,easy
257,31,6,0.6019304004,1,358,1.3033981910606268e-06,easy,easy
258,31,6,0.6679731999,1,447,4.692834721320878e-06,medium,easy
259,31,5,1.1655902001,1,354,4.873746392870223e-07,hard,easy
260,31,3,1.4750151001,1,939,-8.906109301749493e-06,medium,easy
261,31,5,1.5282717003,0,343,-1.6277443138462118e-06,easy,easy
262,31,4,0.9019861002,0,360,1.977734129798549e-06,hard,easy
263,31,6,0.9061342003,1,277,1.4815848759300665e-05,medium,easy
264,31,6,0.6849231999,1,257,2.328410695113904e-06,medium,easy
265,31,6,1.1048761001,1,701,-4.9015263565201815e-06,medium,easy
266,31,4,0.9251771001,0,480,6.249481251109643e-06,hard,easy
267,31,6,0.7931542001,1,388,5.575532762604343e-06,medium,easy
268,31,5,1.2026089001,1,345,2.9113811900355457e-06,medium,easy
269,31,6,0.7670617001,1,286,-4.8562533796827526e-06,medium,easy
270,31,4,1.7907243003,1,496,3.677271340601996e-07,hard,easy
271,31,5,0.9289210001,1,426,-1.3532443767291597e-05,easy,easy
272,31,5,0.6531396997,1,368,7.5958992191916025e-06,hard,easy
273,31,6,0.7579963999,1,503,8.964766887067295e-06,medium,easy
274,31,4,1.6427757,1,644,5.953371975326581e-06,medium,easy
275,31,6,0.9092871002,1,345,3.224106187387484e-07,medium,easy
276,31,6,0.7621607999,1,418,8.145186600054055e-06,easy,easy
277,31,6,0.7264414001,1,326,3.1164434665023594e-06,easy,easy
278,31,6,1.1418562001,1,353,-8.063558424389812e-06,easy,positivefb
279,31,6,0.6614163001,1,377,3.3359637643559293e-06,medium,positivefb
280,31,5,0.5518597001,1,342,-1.54286400246433e-07,easy,positivefb
281,31,5,0.8180473,1,395,-5.161400971839322e-07,easy,positivefb
282,31,6,0.7309814999,1,273,1.0763871207489758e-05,easy,positivefb
283,31,6,0.7881916999,1,251,1.0136556830784362e-05,medium,positivefb
284,31,6,0.9778696001,1,316,3.280147794838796e-06,medium,positivefb
285,31,6,0.646836,1,233,1.0019154591945753e-05,easy,positivefb
286,31,4,1.3298435002,1,302,-4.255555590961121e-06,hard,positivefb
287,31,5,0.6560819,1,830,1.476525094038371e-05,medium,positivefb
288,31,5,1.0158446999,1,360,-4.446988587139573e-06,hard,positivefb
289,31,6,0.7691955999,1,334,4.4153487551929744e-07,hard,positivefb
290,31,6,0.8799840002,1,256,6.9519516261027e-06,medium,positivefb
291,31,6,0.6378810997,1,272,5.8789018822214665e-06,easy,positivefb
292,31,1,0.7417168999,0,859,4.067588680862327e-06,easy,positivefb
293,31,4,1.3862629998,1,547,3.289602927754278e-07,hard,positivefb
294,31,5,0.7803529999,1,338,-3.1653592177534815e-06,hard,positivefb
295,31,5,0.7421844001,1,633,1.2562935954640319e-06,hard,positivefb
296,31,6,1.0190389003,1,466,-8.238341544672223e-06,hard,positivefb
297,31,5,0.6676085,1,544,1.0353775993652889e-05,medium,positivefb
298,31,5,0.6334094997,1,468,3.730499527592327e-06,easy,positivefb
299,31,6,0.6953905001,1,391,-1.640329646976546e-06,easy,positivefb
300,31,4,0.6827082001,1,368,5.862268317906026e-07,hard,positivefb
301,31,5,0.6418993003,1,362,-3.0302677259823877e-06,easy,positivefb
302,31,5,0.6800177996,1,419,1.8536417983765052e-06,medium,positivefb
303,31,4,1.4108163002,1,348,1.578063778954351e-06,hard,positivefb
304,31,5,2.0092471996,1,449,8.799301585920548e-07,hard,positivefb
305,31,5,0.6278552003,1,281,4.208337777033142e-06,easy,positivefb
306,31,6,0.827486,1,401,-1.5357264421481924e-06,medium,positivefb
307,31,4,1.5739913001,1,484,-3.1479379891548664e-06,hard,positivefb
308,31,5,0.7594551002,1,837,-1.9660894110045663e-06,hard,positivefb
309,31,3,1.0543141998,1,620,8.551864509200688e-06,medium,positivefb
310,31,6,0.7094252999,1,282,5.668803267953291e-06,easy,positivefb
311,31,6,0.8104868,1,177,6.221413051841108e-06,easy,positivefb
312,31,5,0.6662047002,1,387,6.124855135082984e-07,medium,positivefb
313,31,4,0.9419131004,1,801,1.4678486695359152e-06,hard,positivefb
314,31,6,0.7263656002,1,342,1.3784297242548437e-06,hard,positivefb
315,31,5,0.5713603003,1,308,7.0278996035908415e-06,easy,positivefb
316,31,6,0.6346573997,1,178,6.554766379555615e-06,easy,positivefb
317,31,5,0.7178207003,1,242,-6.0893213178791715e-06,medium,positivefb
318,31,6,1.0035281,1,274,7.149971438721817e-07,medium,positivefb
319,31,5,0.6658186,1,288,-3.1290955422137657e-06,medium,positivefb
320,31,6,0.5625457,1,209,-1.0420991583440663e-06,easy,positivefb
321,31,5,1.1198249999,1,222,-1.2887436857491793e-06,medium,positivefb
322,31,4,0.8383212998,1,342,7.020994318767515e-06,hard,positivefb
323,31,4,1.6537283999,1,409,-5.648103368739548e-06,hard,positivefb
324,31,4,1.5342571,1,334,4.289834884564534e-06,hard,positivefb
325,31,5,0.8429751,1,513,5.946154586514763e-06,medium,positivefb
326,31,4,1.3935491,1,584,1.7162957422629777e-06,hard,positivefb
327,31,6,0.6944643999,1,264,7.169403716470359e-06,easy,positivefb
328,31,5,0.8149950001,1,241,6.398667376713872e-06,medium,positivefb
329,31,5,0.7216893998,1,348,5.028850760330745e-06,medium,positivefb
330,31,5,1.0516172,1,440,9.55397942477457e-06,hard,positivefb
331,31,6,0.6230911999,1,288,1.665575122345297e-06,medium,positivefb
332,31,6,1.0727841998,1,125,4.053679087412168e-06,hard,positivefb
333,31,6,0.5865731002,1,373,2.1979681978764196e-06,medium,positivefb
334,31,5,1.8378226999,1,415,-2.8659373940675757e-06,hard,positivefb
335,31,6,0.8631274002,1,206,5.862213636793587e-06,easy,positivefb
336,31,6,0.7381158997,1,428,1.1413205640190127e-05,easy,positivefb
337,31,2,0.6993628,0,706,4.690523492924015e-06,medium,positivefb
338,31,5,0.5887786997,1,337,1.4604011666960119e-06,easy,positivefb
339,31,6,0.6927008,0,299,-3.764660656022461e-06,medium,positivefb
340,31,4,1.6651124,0,671,-3.6975488244076967e-06,easy,positivefb
341,31,5,0.7964432002,0,712,4.2558148965541745e-06,medium,positivefb
342,31,6,0.6996280001,1,242,9.472176865194426e-06,easy,positivefb
343,31,4,1.0667471001,1,561,6.066592040762274e-06,medium,positivefb
344,31,2,0.6671053004,1,788,5.73150108934112e-06,medium,positivefb
345,31,6,0.8735234002,1,276,7.170086335248328e-07,easy,positivefb
346,31,5,0.6533695003,1,338,4.241205512312114e-06,easy,positivefb
347,31,6,0.7083419003,1,251,1.0741793090383013e-05,hard,positivefb
348,31,6,0.6599830999,1,218,1.382547603693575e-05,easy,positivefb
349,31,6,0.9236797001,1,288,9.784313406431014e-06,easy,positivefb
350,31,6,0.7262084,1,233,3.0886247603944157e-07,medium,positivefb
351,31,5,1.4759563999,0,585,2.9562242139645625e-07,hard,positivefb
352,31,6,0.9285684,1,207,1.1616713149195967e-05,easy,positivefb
353,31,6,0.8221804001,1,297,3.6926036010396054e-06,hard,positivefb
354,31,6,0.7489140001,1,163,1.0346171056668749e-05,easy,positivefb
355,31,4,1.3990946999,1,520,4.723777570570207e-08,medium,positivefb
356,31,6,0.9539592001,1,192,3.0786043867548767e-06,medium,positivefb
357,31,5,1.1367698,1,382,3.1115241617404246e-06,hard,positivefb
358,31,6,0.8141963999,1,241,1.517149451167605e-06,easy,positivefb
359,31,5,0.6304099001,1,481,3.647866144783371e-06,hard,positivefb
360,31,6,0.6623982,1,230,3.058986731666721e-06,medium,positivefb
361,31,5,0.6997122001,1,324,-1.0852510812035709e-07,hard,positivefb
362,31,4,1.6897564,0,390,9.60547591340668e-07,hard,positivefb
363,31,6,0.7348636002,1,144,1.4350860625636059e-06,hard,positivefb
364,31,6,0.585556,1,150,-6.954064770637546e-06,easy,positivefb
365,31,5,0.8700613999,1,607,5.242186645006776e-06,medium,positivefb
366,31,4,0.7378475,1,685,8.537626613696308e-06,hard,positivefb
367,31,5,1.8928252002,1,297,7.957244686271252e-06,medium,positivefb
368,31,6,0.8313461998,1,223,1.0995734047856515e-05,medium,positivefb
369,31,6,0.6378742997,1,336,4.691446856703578e-06,easy,positivefb
370,31,6,0.5580964,1,207,8.033302445909215e-06,easy,positivefb
371,31,5,0.7217526003,1,349,5.947348234666197e-06,medium,positivefb
372,31,6,0.8894007998,1,159,1.7342553435420894e-06,easy,positivefb
373,31,4,1.6849044003,1,264,2.307290660297689e-06,hard,positivefb
374,31,5,1.7465043999,1,282,6.004802013473252e-06,medium,positivefb
375,31,4,1.7253543003,1,268,2.0055167628519014e-06,hard,positivefb
376,31,2,0.8222648003,0,1252,-4.483979584166089e-06,medium,positivefb
377,31,5,1.2772853998,0,258,7.016988878529388e-07,hard,positivefb
378,31,5,0.9193894998,1,263,-1.8743338412813702e-06,easy,positivefb
379,31,6,1.797574,1,295,-2.860311238205792e-06,easy,positivefb
380,31,5,0.7639686,1,337,9.479358747470868e-06,medium,positivefb
381,31,4,1.2755585001,1,387,9.14865568385371e-06,hard,positivefb
382,31,5,1.3588898,1,305,8.211088765413005e-06,easy,positivefb
383,31,5,0.7401292999,1,683,-6.96011682363957e-06,hard,positivefb
384,31,5,0.5955242002,1,539,-7.167576085371654e-06,hard,positivefb
385,31,5,0.7068332997,1,363,2.435227703156004e-06,easy,positivefb
386,31,4,0.8318320997,1,495,-2.9541109333237114e-06,hard,positivefb
387,31,3,0.6819072003,0,964,4.48946799075284e-06,medium,positivefb
388,31,5,1.0195446,1,267,1.0083818427047186e-05,medium,positivefb
389,31,6,1.5275658001,1,134,5.908914451750664e-06,easy,positivefb
390,31,6,0.6772294999,1,328,6.792912213517894e-07,medium,positivefb
391,31,6,0.7000635001,1,243,1.3650104692083836e-05,easy,positivefb
392,31,6,0.6039674003,1,259,1.1556739146415224e-05,easy,positivefb
393,31,6,0.7021722002,1,208,5.617540396808929e-06,easy,positivefb
394,31,6,0.6049778,1,242,5.1027403938286275e-06,hard,positivefb
395,31,6,0.6684369999,1,290,3.427504347749132e-08,easy,positivefb
396,31,6,0.8871003003,1,198,9.234957021559185e-06,easy,positivefb
397,31,5,1.3957304,1,202,2.4191340948532426e-07,hard,positivefb
398,31,5,0.6946236999,1,393,1.1278274473719788e-05,hard,positivefb
399,31,5,1.5876826001,1,188,-1.1744180226361635e-06,medium,positivefb
400,31,4,1.6425043,1,326,7.622917275536384e-06,hard,positivefb
401,31,6,1.2033515996,1,283,1.819569749239552e-06,medium,positivefb
402,31,6,0.6951783001,1,249,7.491581715621445e-06,easy,positivefb
403,31,5,0.8462406998,1,397,3.859453671565785e-06,hard,positivefb
404,31,5,0.9786591004,1,300,2.9575395030240527e-06,medium,positivefb
405,31,4,1.0948497998,0,359,-4.919616981497264e-06,hard,positivefb
406,31,6,0.7192237996,1,160,6.738817657461895e-06,easy,positivefb
407,31,6,0.6357637998,1,211,9.162519515335886e-06,easy,positivefb
408,31,5,0.6327418,1,804,-1.0098697303567033e-06,hard,positivefb
409,31,6,0.6250896999,1,302,9.97039180093362e-07,easy,positivefb
410,31,4,0.8594868998,1,867,9.094674200239427e-06,hard,positivefb
411,31,6,0.8628625004,1,273,1.8535698836164988e-06,hard,positivefb
412,31,5,0.7215310996,1,460,8.565912199343014e-06,hard,positivefb
413,31,4,0.7521674996,1,637,2.0927569568294697e-07,hard,positivefb
414,31,6,0.6559041999,1,254,9.873212257525058e-06,medium,positivefb
415,31,4,1.7069238997,1,418,4.755347068153424e-06,hard,positivefb
416,31,6,0.7263731998,1,264,8.550382601884312e-06,easy,positivefb
417,31,5,0.5624399004,0,393,5.025685558414723e-06,hard,positivefb
418,31,4,0.6484673,1,450,1.618004427411947e-06,medium,positivefb
419,31,3,1.2781966003,1,625,9.71557404774523e-07,medium,positivefb
420,31,6,0.7031518999,1,271,1.3133410063180382e-05,easy,positivefb
421,31,4,0.6749518001,1,572,5.000988921368514e-06,medium,positivefb
422,31,5,0.8581575002,1,549,7.577151151600097e-06,hard,positivefb
423,31,4,0.9604393998,1,1277,-4.823693352639709e-06,medium,positivefb
424,31,4,0.6642168001,1,418,8.628884176103436e-06,medium,positivefb
425,31,5,0.6925061001,1,441,1.1232090108363328e-06,medium,positivefb
426,31,6,1.0784152998,1,239,-5.054274226573027e-08,medium,positivefb
427,31,6,0.7534623998,1,283,3.83688318088221e-07,easy,positivefb
428,31,6,0.8145304001,1,210,-8.93177628130763e-06,easy,positivefb
429,31,6,0.7920633,1,182,4.8321242741183776e-06,easy,positivefb
430,31,6,0.7137515,1,230,1.8769274349889183e-06,easy,positivefb
431,31,5,1.4330675998,1,231,-6.312073609256173e-06,hard,positivefb
432,31,6,0.7166952002,1,259,8.177172055202156e-06,medium,positivefb
433,31,6,0.8536867998,1,202,5.3203938412688405e-06,hard,positivefb
434,31,6,0.8252486,1,199,3.5000160300612132e-06,medium,positivefb
435,31,6,0.9129092004,1,283,-6.423641822988407e-06,medium,positivefb
436,31,6,0.7541769999,1,157,1.0318723244371246e-05,hard,positivefb
437,31,5,0.7021355,1,382,9.353002993130309e-06,easy,positivefb
438,31,6,0.8111804998,0,195,1.0843813081819917e-06,medium,positivefb
439,31,6,0.6631795997,1,146,1.981914974013839e-06,hard,positivefb
440,31,6,0.6006453,1,487,2.8962789845993827e-06,easy,positivefb
441,31,5,0.6748548001,1,380,7.705433210702096e-06,easy,positivefb
442,31,5,0.7329874998,1,355,2.4619977130976574e-06,medium,positivefb
443,31,6,1.1071919999,1,268,-3.4284960435312536e-06,medium,positivefb
444,31,6,0.6434021997,1,139,1.5792944297170864e-05,hard,positivefb
445,31,5,0.6407463998,1,286,-2.5426342508736614e-07,easy,positivefb
446,31,5,0.7454606998,1,783,7.240428436722276e-06,hard,negativefb
447,31,5,0.7620569998,1,405,-9.12318330716252e-07,easy,negativefb
448,31,6,1.0357567999,1,414,-3.1173228638034237e-06,easy,negativefb
449,31,4,1.5330137,0,787,2.2500099986942039e-07,medium,negativefb
450,31,5,0.5591290002,1,385,3.992420151268699e-06,medium,negativefb
451,31,5,0.9472932001,1,334,2.148162976665952e-06,medium,negativefb
452,31,5,0.7459613001,1,343,4.399205395043313e-06,easy,negativefb
453,31,4,1.0053384001,0,436,-1.773201104601317e-06,medium,negativefb
454,31,6,0.7433866998,1,312,2.208804914010371e-06,medium,negativefb
455,31,5,0.8511334998,1,429,1.1108576374560705e-06,medium,negativefb
456,31,5,0.7026499002,1,403,-3.3065783186374903e-06,easy,negativefb
457,31,4,1.3607973,1,399,7.69394341834076e-06,easy,negativefb
458,31,4,0.6638715002,1,648,7.448187971167432e-06,hard,negativefb
459,31,3,1.1612192998,0,387,4.771995073224285e-06,hard,negativefb
460,31,4,0.7254388998,0,570,5.1009658828043176e-06,medium,negativefb
461,31,5,1.1472041998,0,584,1.4998533964319796e-05,medium,negativefb
462,31,4,0.6297132997,1,683,2.2905452767649117e-06,hard,negativefb
463,31,3,0.5482231998,1,476,6.272486759652924e-06,easy,negativefb
464,31,6,0.5885431999,1,518,8.370082110984003e-06,easy,negativefb
465,31,2,0.6458749999,0,1338,2.6734780526186728e-06,hard,negativefb
466,31,6,0.6579961004,1,413,-3.3921751233089386e-08,easy,negativefb
467,31,4,0.7646686002,1,513,6.101187558123697e-06,medium,negativefb
468,31,4,0.8317070003,1,1086,-8.862577961119916e-07,medium,negativefb
469,31,4,0.7936648,1,502,6.0611677603273406e-06,medium,negativefb
470,31,4,1.1455852003,1,407,-5.804133550420168e-06,hard,negativefb
471,31,5,0.5857249,1,370,1.6820453757100206e-06,hard,negativefb
472,31,2,1.2926701,1,628,1.0328994873537237e-05,easy,negativefb
473,31,4,0.9838254,1,390,5.887083563986046e-06,hard,negativefb
474,31,5,0.5569904,1,387,3.3573542256669827e-06,easy,negativefb
475,31,6,0.7924664002,1,487,2.188778667506754e-06,medium,negativefb
476,31,4,0.5786048998,1,480,1.0577804123811551e-05,easy,negativefb
477,31,4,1.3858536002,1,569,-1.0013104573323104e-05,hard,negativefb
478,31,6,0.6455881,1,283,-1.1388974937870195e-06,easy,negativefb
479,31,2,0.9972712998,1,444,4.584270196121578e-06,hard,negativefb
480,31,5,0.6720357002,1,306,7.3655773107994215e-06,medium,negativefb
481,31,4,1.0427995999,0,591,5.796111304897735e-06,medium,negativefb
482,31,5,0.8224187996,1,875,9.240988149163433e-07,medium,negativefb
483,31,4,0.6406339998,1,417,2.0052385763194323e-06,medium,negativefb
484,31,6,0.7114143004,1,277,-4.0395284124227747e-07,easy,negativefb
485,31,6,0.8823634,1,379,5.452724469540147e-06,easy,negativefb
486,31,5,1.0947572999,1,566,-7.816612292369546e-06,hard,negativefb
487,31,6,0.7466883999,1,274,1.0824469950163417e-06,hard,negativefb
488,31,6,0.8893526001,1,359,1.1392364525713344e-05,hard,negativefb
489,31,6,0.7874824,1,252,6.1900805131847635e-06,hard,negativefb
490,31,5,0.7782752998,1,358,-1.0648995084796227e-06,medium,negativefb
491,31,6,0.6887532999,1,335,3.853092178220246e-06,easy,negativefb
492,31,5,0.5461121001,1,320,6.449535893496552e-06,easy,negativefb
493,31,6,0.6459414,1,1723,-1.2327295104206268e-05,easy,negativefb
494,31,6,0.6239761999,1,834,1.5479843917397233e-05,easy,negativefb
495,31,5,0.7799092,1,340,4.721343328233169e-06,medium,negativefb
496,31,6,0.5936731002,1,290,7.484768545619092e-06,easy,negativefb
497,31,3,0.8420956,0,967,-7.915868126470114e-08,medium,negativefb
498,31,6,1.3617543001,1,524,4.942257109872495e-06,hard,negativefb
499,31,5,0.8245688002,1,522,8.139263761998987e-06,hard,negativefb
500,31,6,0.9425746999,1,435,2.4988204519541384e-06,easy,negativefb
501,31,6,1.0300959996,1,347,-1.2638036276503512e-07,hard,negativefb
502,31,6,0.5830619,1,329,1.1709859822954121e-06,hard,negativefb
503,31,1,0.5187669001,0,986,1.7653946066808408e-06,hard,negativefb
504,31,3,0.6790067996,0,554,1.4845796648635938e-06,hard,negativefb
505,31,6,0.8255869998,1,423,-3.972446996937055e-06,medium,negativefb
506,31,4,0.8205406,1,325,5.025083679933683e-06,medium,negativefb
507,31,6,0.7415083,1,429,1.5428537793384829e-06,medium,negativefb
508,31,5,0.5867209001,1,375,-2.076480557506524e-06,easy,negativefb
509,31,6,0.7388307997,1,591,1.5751419531257395e-06,easy,negativefb
510,31,6,0.7071325998,1,254,3.502841602920189e-06,medium,negativefb
511,31,6,0.7601231001,1,345,1.0099522227196756e-05,medium,negativefb
512,31,5,1.1529967999,1,320,-1.7532005248537305e-07,medium,negativefb
513,31,3,1.1791305002,1,231,8.043957179084192e-06,hard,negativefb
514,31,4,1.2678163,1,317,1.0557727162641122e-05,medium,negativefb
515,31,5,0.7285246002,1,406,1.2258813069157248e-05,medium,negativefb
516,31,5,0.6404096,1,257,4.405882738539789e-06,hard,negativefb
517,31,5,0.5856591999,1,258,4.550119480876218e-06,easy,negativefb
518,31,6,0.5412651999,1,245,4.952191922268659e-06,medium,negativefb
519,31,3,0.7518174998,1,528,5.578345528012404e-06,hard,negativefb
520,31,5,0.5847063996,1,247,1.734689366637557e-06,medium,negativefb
521,31,5,0.7171843001,1,260,6.752357519996579e-06,medium,negativefb
522,31,1,0.5815586001,0,901,2.3398533079052194e-06,easy,negativefb
523,31,6,0.6467848001,1,299,4.5954479904599074e-06,easy,negativefb
524,31,5,0.8659187001,1,399,-5.344336204925173e-06,easy,negativefb
525,31,6,0.6487901001,1,233,1.0075618711553204e-05,easy,negativefb
526,31,5,1.1332915998,1,341,-6.433301502065549e-06,medium,negativefb
527,31,4,0.9367277999,1,1189,-5.155674301613825e-06,hard,negativefb
528,31,4,1.1412938,1,459,-3.977262194653663e-06,hard,negativefb
529,31,5,0.8586471998,1,457,4.392846786226096e-07,easy,negativefb
530,31,5,0.7053645002,1,381,7.362495701433795e-07,medium,negativefb
531,31,4,1.1140057999,1,421,2.662809350232622e-06,hard,negativefb
532,31,5,1.0095564001,1,320,2.9746837512965607e-06,medium,negativefb
533,31,1,0.7438357002,0,1015,-2.400177461106154e-06,easy,negativefb
534,31,6,0.7001492004,1,485,9.656907720835955e-07,hard,negativefb
535,31,4,0.8264764999,1,707,3.997698599305968e-06,medium,negativefb
536,31,5,0.6210456002,1,274,3.959981459248159e-06,hard,negativefb
537,31,5,0.7905536997,1,1306,-1.1202535376719117e-05,easy,negativefb
538,31,6,0.8770127003,1,371,9.15267755698467e-06,easy,negativefb
539,31,6,0.7406331999,1,252,4.8356382328048495e-06,easy,negativefb
540,31,4,0.9604521003,0,399,1.5055929221694805e-06,hard,negativefb
541,31,5,0.5647380999,1,364,7.1516128833163495e-06,easy,negativefb
542,31,6,0.6005978999,1,377,7.135373988518065e-06,easy,negativefb
543,31,4,0.8383444999,1,444,-1.8258511371393762e-06,medium,negativefb
544,31,6,1.0874365,1,417,-2.823778010566677e-06,easy,negativefb
545,31,1,0.7132200999,0,695,7.206811933902978e-07,medium,negativefb
546,31,6,0.6049218001,1,262,4.270772198574934e-06,easy,negativefb
547,31,6,0.5973273003,1,375,-6.496889528028956e-08,hard,negativefb
548,31,4,1.9037130997,0,351,-2.9599724670743007e-06,hard,negativefb
549,31,4,0.6297757998,1,267,4.606507305004803e-06,hard,negativefb
550,31,4,1.0958501999,1,712,6.488445551349859e-06,medium,negativefb
551,31,4,1.5203748001,0,274,-3.523463681872974e-06,hard,negativefb
552,31,4,1.4246390997,1,369,-5.4009422096091035e-06,hard,negativefb
553,31,5,0.6756135998,1,874,4.416543159376397e-06,easy,negativefb
554,31,5,0.7863889001,1,395,1.1247701587517206e-05,medium,negativefb
555,31,5,0.6546809003,1,292,4.406669338805248e-06,easy,negativefb
556,31,4,1.1692796,1,429,-9.414380795711827e-06,hard,negativefb
557,31,4,0.9192315,0,347,6.250409136430273e-06,hard,negativefb
558,31,5,0.5706393002,1,295,5.587357491167784e-06,hard,negativefb
559,31,6,0.8034569998,1,350,-3.722322388860362e-06,medium,negativefb
560,31,4,0.9267262002,1,350,-4.265306628935745e-06,hard,negativefb
561,31,5,0.5803005002,1,332,3.6584056387534565e-06,medium,negativefb
562,31,6,0.6339888,1,504,7.944305751405016e-06,easy,negativefb
563,31,5,0.5929796002,1,424,4.77451027804541e-06,medium,negativefb
564,31,4,0.7509678002,1,333,3.6882118892750654e-06,medium,negativefb
565,31,6,0.5290395003,1,301,1.8500743163341624e-06,easy,negativefb
566,31,6,0.7647044002,1,214,8.314503529785982e-06,easy,negativefb
567,31,6,0.5183395999,1,268,1.0902008058966688e-05,medium,negativefb
568,31,4,0.680379,1,441,-5.108143544513735e-06,hard,negativefb
569,31,6,0.6237338004,1,210,7.949548657171673e-06,easy,negativefb
570,31,6,0.7694088002,1,222,7.367743449814061e-06,easy,negativefb
571,31,4,1.2898866003,0,245,-4.599193027727147e-06,hard,negativefb
572,31,6,0.6985639003,1,161,4.4088339959761267e-07,easy,negativefb
573,31,6,0.7867351999,1,191,6.5027242069146325e-06,medium,negativefb
574,31,6,0.9038112001,1,150,6.165010991022492e-06,hard,negativefb
575,31,6,0.5781334001,1,253,4.9598019370854776e-06,easy,negativefb
576,31,6,0.6773886001,1,299,1.5937407575722852e-07,easy,negativefb
577,31,5,0.8990312,1,414,-1.1488042254761182e-05,hard,negativefb
578,31,6,0.7785147997,1,210,4.838500898138562e-06,medium,negativefb
579,31,4,1.1354514998,1,447,6.66229434042137e-06,hard,negativefb
580,31,4,0.8261619001,1,271,5.256294480085533e-06,medium,negativefb
581,31,5,0.6089791004,1,654,7.354925185619182e-07,medium,negativefb
582,31,6,0.6067730002,1,271,4.4333149251489645e-06,medium,negativefb
583,31,4,0.9108728999,0,356,6.1374759310363455e-06,medium,negativefb
584,31,4,0.5270000999,1,898,4.991814142949252e-06,hard,negativefb
585,31,5,0.7319395998,1,677,2.4446978707206596e-06,medium,negativefb
586,31,4,0.7360510998,1,496,9.501046988601001e-06,hard,negativefb
587,31,4,0.7132631,1,419,2.1942638782834616e-06,easy,negativefb
588,31,4,0.7788212001,1,422,6.559810922595489e-06,hard,negativefb
589,31,5,0.6579764001,1,399,-3.5124241285963712e-06,hard,negativefb
590,31,6,0.7136941999,1,309,-1.9620109886300024e-06,easy,negativefb
591,31,5,0.7201236002,1,448,1.0260938614506898e-05,easy,negativefb
592,31,5,0.7493522004,1,403,1.2247194441161964e-05,hard,negativefb
593,31,4,0.8275199998,1,500,-1.973109059053688e-06,hard,negativefb
594,31,4,1.1280272999,0,294,-6.478487629993394e-06,hard,negativefb
595,31,5,0.7545969998,1,447,-8.686160919481495e-06,easy,negativefb
596,31,6,0.5940854,1,296,7.337095072769425e-06,easy,negativefb
597,31,6,0.6184065999,1,216,1.0973292009413612e-06,easy,negativefb
598,31,5,0.5333400001,1,300,7.397237392061207e-06,easy,negativefb
599,31,6,0.5631368002,1,989,-2.335138433000285e-06,medium,negativefb
600,31,4,1.0364354001,0,336,1.2405175196980722e-06,medium,negativefb
601,31,4,0.7089760001,1,473,-5.895099470299826e-07,hard,negativefb
602,31,5,0.5585392001,1,899,2.0498967498947328e-06,easy,negativefb
603,31,4,1.0626910003,1,311,7.213192989184135e-06,hard,negativefb
604,31,6,0.5204654001,1,264,6.476345332228274e-07,easy,negativefb
605,31,5,0.5686446,1,314,3.2300369214895516e-06,medium,negativefb
606,31,4,0.5308479997,1,348,-1.9438742765293174e-07,medium,negativefb
607,31,4,0.6500766999,1,311,1.7282898327944756e-06,easy,negativefb
608,31,5,0.8384484998,1,460,-2.831524559300209e-06,medium,negativefb
609,31,4,0.7204002999,1,305,-2.490955001551882e-07,hard,negativefb
610,31,4,1.0230748998,1,558,1.0807154402421607e-05,medium,negativefb
611,31,4,0.8381796004,0,938,-1.9849228282929693e-06,hard,negativefb
612,31,5,0.7278004,1,632,2.255583222477486e-06,easy,negativefb
613,31,5,0.6806831998,1,248,2.9915154342774884e-06,hard,negativefb
614,31,2,0.7462698999,0,1108,2.07531658534743e-07,medium,negativefb
615,31,5,0.6220419998,1,322,-3.5322151314154567e-06,hard,negativefb
616,31,6,0.5637603002,1,236,6.921219567025425e-07,medium,negativefb
617,31,4,0.7108066999,1,746,-7.992066509392353e-06,hard,negativefb
618,31,5,0.6859597,1,276,4.568533360902461e-06,easy,negativefb
619,31,3,0.8037621998,1,539,2.7200788255434857e-06,hard,negativefb
620,31,2,0.7351944004,0,795,9.957358392178903e-06,medium,negativefb
621,31,5,0.5674508,1,231,6.266524066473808e-06,easy,negativefb
