,sub,cj,rt,cor,rtcj,average_P3_amplitude,difficulty,condition,frontal_P3_amplitude
0,8,6,1.7330076001,1,3540,-1.2052784462113561e-05,hard,positivefb,-2.665650567087962e-06
1,8,6,0.6528473999,1,1503,-4.7521642698592276e-06,easy,positivefb,1.4823567106081433e-06
2,8,6,0.4619924,1,692,6.788251266574049e-06,medium,positivefb,6.237651328595916e-07
3,8,6,0.5418327,1,725,5.365725817754595e-06,easy,positivefb,3.894164587700945e-06
4,8,5,0.7719277999,0,2317,8.95699063572709e-06,hard,positivefb,5.821986473920775e-07
5,8,6,0.495687,1,913,3.7682547820400575e-06,easy,positivefb,3.291423064302596e-06
6,8,1,0.9188494,1,666,3.921733297654661e-06,hard,positivefb,-1.1373587883235061e-06
7,8,6,1.0306224,0,4441,8.68119064735842e-06,hard,positivefb,-7.3054024136639025e-06
8,8,6,0.5731581999,1,915,3.7327364352189915e-06,easy,positivefb,8.536178797780366e-06
9,8,6,0.9837475,1,715,1.154950463508186e-05,easy,positivefb,-3.257657273691208e-06
10,8,4,1.3811380999,0,3772,3.290525275926812e-07,hard,positivefb,8.544136667308558e-06
11,8,4,0.6868184,1,2459,-9.64158256691834e-06,medium,positivefb,5.873218971893981e-06
12,8,6,0.7395902,1,1053,4.9457631521590595e-06,easy,positivefb,4.917032149748355e-06
13,8,3,0.9927942,0,2208,5.3325977733798365e-06,medium,positivefb,-3.8344478264254635e-06
14,8,5,0.7565928,1,1244,1.4736168661316957e-05,hard,positivefb,-1.0201699020114801e-06
15,8,6,0.4366062999,1,1004,-1.0407145892622528e-05,hard,positivefb,6.282076315330143e-06
16,8,4,0.8247381999,1,2613,4.7148084038670765e-06,hard,positivefb,4.317974039117972e-06
17,8,4,1.2645267,0,1726,6.224531489812013e-06,hard,positivefb,-2.809209528963634e-06
18,8,3,0.6545361001,0,1954,-4.5886978119428065e-06,medium,positivefb,5.007856117487114e-06
19,8,6,0.7789555,1,1255,1.0893583817418606e-05,easy,positivefb,-3.3435806068643774e-06
20,8,5,0.9247681,1,1477,3.2906837155212865e-06,medium,positivefb,-7.300592983328193e-08
21,8,4,0.4523607,1,1210,7.18715420420153e-06,medium,positivefb,4.7164279033837396e-07
22,8,5,0.5500762,1,1622,-4.386477177033464e-06,medium,positivefb,9.148682044563513e-07
23,8,6,0.6604137,1,925,4.601903317228646e-06,easy,positivefb,9.581899501876294e-07
24,8,4,0.7052450001,0,1007,6.35104092227815e-06,easy,positivefb,-1.325783794099482e-06
25,8,6,0.590687,1,627,-3.3222789422771322e-06,medium,positivefb,5.874390204740568e-06
26,8,2,0.471469,0,2874,6.057784739755548e-06,medium,positivefb,-7.511905666408585e-06
27,8,6,0.7035753999,1,782,7.914827302874389e-06,hard,positivefb,1.1308826184047397e-05
28,8,6,0.4819898,1,671,4.652439264952363e-06,easy,positivefb,6.913534682547029e-06
29,8,6,0.3787257,1,727,6.624181897529899e-06,hard,positivefb,8.227522508324882e-06
30,8,2,0.3697942999,0,1616,6.467714882959348e-06,hard,positivefb,1.2361260644418384e-06
31,8,2,0.4475090001,0,848,4.875626751413457e-06,medium,positivefb,3.23622511959096e-06
32,8,6,0.6666751001,1,1031,7.677162244034613e-06,medium,positivefb,-7.096774834609352e-06
33,8,5,0.5832149,1,1065,7.25117393528214e-06,hard,positivefb,6.861398247345437e-07
34,8,6,0.4500016,1,687,3.879217573613181e-08,medium,positivefb,6.552979697243807e-06
35,8,6,0.5436101001,1,754,5.383568819112421e-06,medium,positivefb,2.61220182791571e-06
36,8,6,0.4597404,1,613,1.2012437366987924e-05,medium,positivefb,-1.075255768249678e-06
37,8,6,0.5852951001,1,696,-8.120020255418233e-07,easy,positivefb,8.316012936610778e-07
38,8,6,0.4867134,1,603,6.261193514165541e-06,easy,positivefb,-3.1102107044878344e-06
39,8,6,0.5434265001,1,689,5.377332529847835e-06,medium,positivefb,8.20457188985501e-06
40,8,6,0.5580541,1,819,6.326603188337565e-06,easy,positivefb,-1.2339671785763598e-07
41,8,3,0.3796299,0,2438,-1.7783293876324047e-06,hard,positivefb,1.2944273210936698e-05
42,8,1,0.4427933,0,1062,7.631807560617118e-06,easy,positivefb,8.166545970275937e-07
43,8,6,0.785114,1,768,6.824034938458403e-06,easy,positivefb,-9.415335750300277e-07
44,8,4,0.5975802001,1,955,8.088720418422723e-06,hard,positivefb,-2.733469637612387e-06
45,8,6,0.708721,1,861,5.3079432561115905e-06,medium,positivefb,-2.178835781881911e-06
46,8,6,0.5170626,1,537,2.903227364382095e-06,medium,positivefb,-3.807483510399958e-06
47,8,6,0.5402949,1,577,6.747427119680608e-07,easy,positivefb,2.9848790444640616e-06
48,8,6,0.4335012001,1,443,1.5486156105985554e-06,easy,positivefb,5.660963333232939e-06
49,8,4,0.4165603999,1,1964,1.2833358907253226e-05,hard,positivefb,-2.619987521412015e-06
50,8,4,0.6159204,1,1655,1.3925555865752798e-05,hard,positivefb,3.591098245510182e-06
51,8,5,0.4399615,1,647,-2.109866389556535e-06,medium,positivefb,2.3018135411620196e-06
52,8,5,0.4637610001,1,1549,1.1059570051670805e-05,easy,positivefb,-4.9646112980875154e-06
53,8,6,0.7943348001,1,963,6.510085400710526e-06,hard,positivefb,5.912247630133665e-06
54,8,5,0.4841123,1,1019,5.906381243411725e-06,hard,positivefb,4.5238456452521804e-06
55,8,6,0.4901779001,1,643,1.1408780726769607e-05,medium,positivefb,-2.1889512026735203e-06
56,8,3,0.5348865,0,1527,7.743456808477836e-07,hard,positivefb,9.540405443959505e-06
57,8,4,0.733938,1,1920,3.783902517696109e-06,medium,positivefb,2.306987811835328e-06
58,8,6,0.7080618,1,633,1.585180162120157e-05,easy,positivefb,6.756327012743002e-07
59,8,6,0.5628633,1,412,-4.647849515847472e-06,easy,positivefb,1.2285056222063097e-05
60,8,4,0.8134194,1,1564,-7.1780860811158645e-06,medium,positivefb,2.8167625168593702e-06
61,8,6,0.4668298,1,653,7.546602787825703e-06,medium,positivefb,2.1916799757497745e-06
62,8,4,0.4724428001,0,3028,1.0132904634860406e-05,hard,positivefb,-7.469185825373684e-06
63,8,6,0.6357288,1,1076,1.6555163708297818e-06,medium,positivefb,1.5082711111692632e-06
64,8,4,0.8673242,1,1193,7.143183022989465e-06,hard,positivefb,3.4254173112293444e-06
65,8,6,0.7845387,1,637,2.7594724004883427e-06,medium,positivefb,-5.377908007107836e-06
66,8,5,0.4385134,1,773,8.395818460116402e-06,hard,positivefb,3.7731080872936355e-06
67,8,6,0.7248267999,1,556,3.0757280401321982e-06,medium,positivefb,6.241142466351028e-06
68,8,4,0.4347223,1,1224,1.5653447102075428e-06,medium,positivefb,1.8285572702451838e-06
69,8,6,0.6737861,1,560,8.418299746039158e-06,medium,positivefb,-5.255622183164741e-06
70,8,6,0.5177172,1,567,5.02226754662832e-06,easy,positivefb,-4.013981108229934e-06
71,8,5,0.4757785,1,721,6.971039574742155e-06,hard,positivefb,2.2892654872014597e-06
72,8,6,0.522643,1,370,6.34932954977852e-06,easy,positivefb,-3.6184878232559655e-06
73,8,6,0.5392523999,1,593,5.335378220429555e-06,easy,positivefb,-1.98145363805019e-06
74,8,6,0.5682342,1,278,3.230771190251596e-06,medium,positivefb,-1.6134385089407062e-07
75,8,6,0.4345349,1,668,6.452494024528718e-06,easy,positivefb,7.638633342162219e-06
76,8,4,0.6594461,1,1034,-5.396969202705467e-06,hard,positivefb,6.690888244834621e-06
77,8,6,1.1434146001,1,1334,2.6987445768987697e-06,easy,positivefb,5.13818034160337e-06
78,8,6,0.6267085,1,331,5.1259308247068815e-06,medium,positivefb,6.1793877808576655e-06
79,8,6,0.4621623,1,590,-1.996194686243531e-07,medium,positivefb,1.1990097289518559e-05
80,8,3,0.7036999,1,2060,8.945234259217525e-06,hard,positivefb,-3.894591975219113e-06
81,8,4,0.9985710999,1,1430,5.03777802330803e-06,hard,positivefb,-3.1884602469131194e-06
82,8,6,0.4653702,1,332,1.5542982365598777e-05,easy,positivefb,-3.5494586048185746e-06
83,8,6,0.4783224,1,303,8.457904874683159e-06,medium,positivefb,-7.817134285770015e-07
84,8,6,0.5278251,1,370,3.2147040719594308e-06,easy,positivefb,-2.0170956150267726e-06
85,8,4,0.9575748,1,864,6.820288263576533e-06,hard,positivefb,2.835303096908579e-07
86,8,6,0.5640401,1,393,1.5037023764723522e-05,medium,positivefb,-2.4153038065734634e-06
87,8,3,0.5863391,0,1780,3.910907070679575e-06,hard,positivefb,5.432778963613554e-06
88,8,6,0.8300249,1,1329,1.429449189456982e-05,easy,positivefb,-4.901396345931908e-06
89,8,6,0.5643193,1,407,1.679808616323466e-06,medium,positivefb,1.0637431154874795e-05
90,8,6,0.4691913,1,455,4.9953234049334735e-06,easy,positivefb,-2.802118695625407e-06
91,8,5,0.6078552001,1,751,2.738510281777211e-06,hard,positivefb,2.8155307064048006e-06
92,8,4,0.7933659001,0,933,2.4170467002043435e-07,medium,positivefb,3.9609227305521254e-06
93,8,5,0.6611494001,0,1192,1.1831187302965514e-06,hard,positivefb,6.370173231103984e-06
94,8,5,0.6339147,1,770,2.0146571942135643e-05,hard,positivefb,-3.220474490138431e-06
95,8,3,0.5768342001,0,1983,1.0012139175352175e-05,hard,positivefb,2.307096047028999e-06
96,8,4,0.6817307001,1,2279,3.6605874726661084e-06,hard,positivefb,-4.931770480949646e-06
97,8,2,1.1644985001,1,1088,-2.0458085920231234e-06,hard,positivefb,2.1254903653500206e-06
98,8,5,0.5551103,0,1602,4.818150171597213e-06,medium,positivefb,2.3582678976292123e-06
99,8,4,0.5083822,1,1185,1.5148503898444413e-06,hard,positivefb,3.798646949763203e-06
100,8,6,0.5471372,1,542,6.293349350214506e-06,easy,positivefb,6.146593584948811e-06
101,8,6,0.4859496,1,649,4.249658614352558e-06,easy,positivefb,4.815530215612182e-06
102,8,6,0.6458468001,1,711,8.493185856603573e-06,easy,positivefb,2.452996357589411e-06
103,8,5,0.8033523,1,1037,1.199572008580279e-05,medium,positivefb,2.7164586604267895e-06
104,8,2,0.5049535,0,2114,5.309403002784978e-06,hard,positivefb,-1.6662262003260094e-06
105,8,6,0.5141685,1,1084,6.455045062936668e-06,easy,positivefb,2.065741520993728e-06
106,8,5,0.4957338,1,961,1.2832933158892672e-05,easy,positivefb,-4.384204689037595e-07
107,8,4,0.9385689,1,1144,-7.495722782871105e-06,easy,positivefb,8.262615313448076e-06
108,8,6,0.400497,1,508,9.632504808878388e-06,easy,positivefb,1.7336648121717252e-06
109,8,6,0.6338954,1,819,1.0361112611033107e-06,hard,positivefb,2.877981391565329e-06
110,8,5,0.5086489001,1,513,4.120996878306769e-08,medium,positivefb,1.2068744981268193e-06
111,8,1,0.7531636,0,992,-3.0539242619444315e-06,medium,positivefb,8.794249648484876e-06
112,8,2,0.5020341,0,2328,-7.82505876094403e-07,easy,positivefb,-2.8810530791356303e-06
113,8,5,1.0317934999,1,949,1.4155555020320553e-05,hard,positivefb,-7.132794415250867e-06
114,8,4,0.9437846,0,1244,6.141532464958029e-06,medium,positivefb,2.9969504812477534e-06
115,8,6,0.5671221,1,1110,7.324017172316129e-06,easy,positivefb,-2.606407722569602e-06
116,8,6,0.5318281,1,1032,1.1515842010262957e-05,easy,positivefb,4.465540615724718e-06
117,8,6,0.8798645999,1,719,5.882471415397758e-06,hard,positivefb,-6.19897624835245e-06
118,8,6,0.6435851,1,603,8.302353089175193e-06,medium,positivefb,1.3475487319246882e-06
119,8,6,0.5725105,1,1007,7.160783738337393e-06,easy,positivefb,3.209626219680381e-06
120,8,3,1.7443965999,1,2041,-5.469577709144552e-06,medium,positivefb,-1.8837287330827183e-06
121,8,6,0.5571047,1,789,8.153260076942909e-06,easy,positivefb,-4.989060766671148e-06
122,8,4,0.3930013,0,1145,7.499688857560102e-07,hard,positivefb,-2.7351374347870477e-06
123,8,6,0.4668833,1,1068,1.1421723313237313e-05,medium,positivefb,-4.167301578212541e-06
124,8,6,0.9458608,1,1086,8.792603793215805e-06,hard,positivefb,4.002403918579474e-06
125,8,4,1.1925722,0,1236,5.603922142826527e-06,medium,positivefb,4.612366299474656e-06
126,8,5,0.6066073,1,736,2.817766084128331e-06,medium,positivefb,1.78987333490566e-06
127,8,6,0.5218694001,1,881,1.1499806303462422e-05,medium,positivefb,-2.6552207204603122e-06
128,8,2,0.465081,1,1373,-1.6191147989599136e-06,hard,positivefb,-1.1433687870550244e-06
129,8,6,0.5747968999,1,1011,1.1394565985082212e-06,medium,positivefb,-1.026428487212026e-07
130,8,2,0.4175284,1,1148,5.203924261078341e-06,hard,positivefb,4.363828810439403e-06
131,8,6,0.7276004,1,1092,2.9782128302619914e-06,medium,positivefb,-3.1351048417763645e-06
132,8,5,0.6696201001,1,577,9.812847831199908e-06,medium,positivefb,2.320183647150165e-06
133,8,4,0.5648243,1,775,9.711116131018204e-06,hard,positivefb,-2.9896059826597587e-06
134,8,5,0.4866026001,1,1127,-1.3284546203756453e-06,hard,positivefb,5.202742910026239e-06
135,8,4,0.7659342,0,1295,5.816059687257721e-06,medium,positivefb,8.756880608427884e-06
136,8,2,0.5844996,0,1366,1.0374057967653402e-05,hard,positivefb,-5.336744539051801e-06
137,8,2,0.5279683999,0,926,8.187273091574211e-07,hard,positivefb,4.51245950642449e-06
138,8,6,0.9169758001,1,855,1.3139335921528792e-05,easy,positivefb,2.662739844270779e-07
139,8,6,0.5399359,1,1539,1.2870251673820122e-05,medium,positivefb,6.905506387281333e-07
140,8,6,0.7558232001,1,1754,2.3234444880799155e-06,easy,positivefb,4.0382499192003493e-07
141,8,5,0.7072087,1,1305,5.043730976407074e-07,hard,positivefb,4.1403280458280975e-06
142,8,4,0.5400078,1,1636,-1.3733041267020071e-06,medium,positivefb,9.420174835249495e-07
143,8,5,0.808513,0,917,4.5282231756117585e-06,hard,positivefb,9.084226707476302e-06
144,8,2,0.7632074001,1,1189,4.780692107566668e-06,hard,positivefb,-3.973676810891405e-06
145,8,4,0.6207004,0,708,8.606537668747486e-07,hard,positivefb,4.8307204086055325e-06
146,8,6,0.6066282,1,703,1.6878419035825764e-06,medium,positivefb,2.010769855621438e-06
147,8,5,0.607802,1,813,5.402328479593458e-06,easy,positivefb,5.335216489939829e-06
148,8,5,0.997028,1,1321,-9.044335885555733e-07,hard,positivefb,5.900558411635274e-07
149,8,6,0.6062453,1,430,1.5776786762765888e-05,hard,positivefb,1.7484215340789128e-07
150,8,6,0.4838321999,1,621,-3.679789328565435e-07,easy,positivefb,-6.032813443143282e-06
151,8,6,0.4238390999,1,774,5.740289338017161e-06,easy,positivefb,-6.242532571972065e-06
152,8,6,0.4833186,1,582,6.9566584137941235e-06,easy,positivefb,-9.760004254354457e-06
153,8,6,0.4120759,1,562,3.174605528026587e-06,easy,positivefb,-1.82726632520811e-06
154,8,6,0.6001035001,1,422,-2.388799110659693e-06,hard,positivefb,3.1697450460333803e-06
155,8,6,0.4051680999,1,872,1.2851952083509719e-06,easy,positivefb,8.168060572182655e-06
156,8,5,1.0059889,0,511,9.014738559381986e-06,easy,positivefb,-2.6540130498454246e-06
157,8,4,0.6136581,0,1014,-1.3545356215751286e-06,hard,positivefb,6.723536128379009e-06
158,8,6,0.4626555,1,718,1.2667642264196585e-05,easy,positivefb,-4.350271766751495e-07
159,8,4,0.860687,0,1172,1.0932095596676359e-05,hard,positivefb,2.060943627892317e-06
160,8,6,0.4944410999,1,754,1.1478087547590751e-05,easy,positivefb,-8.44801873925225e-07
161,8,5,0.4217321,1,1094,2.999611477603861e-06,easy,positivefb,7.90853362425718e-06
162,8,6,0.4328772,1,828,1.126314277755644e-05,medium,positivefb,6.91945498043694e-06
163,8,5,0.6339063001,0,725,2.6163487830738086e-06,hard,positivefb,-2.2805878639432715e-06
164,8,5,0.5550151999,1,532,3.4900225117066458e-06,medium,positivefb,4.8589609181860545e-06
165,8,4,0.6977597,1,709,7.203619398092991e-06,medium,positivefb,-1.3846210775617029e-06
166,8,6,0.4678891001,1,810,7.691342951313207e-06,easy,positivefb,1.558061135161237e-06
167,8,6,0.4354863,1,715,5.395745154675282e-06,easy,positivefb,7.304058176139955e-06
168,8,6,0.3474926,1,755,-8.56608161835732e-06,medium,positivefb,1.5056882719936139e-05
169,8,4,0.406483,1,1527,3.090298601290566e-06,medium,positivefb,1.6498651480616016e-06
170,8,6,0.5997608,1,694,9.428967575473563e-06,easy,positivefb,-2.748211131236231e-06
171,8,4,0.9165466001,1,648,1.1262530957850252e-05,medium,positivefb,-1.7519139166540265e-06
172,8,6,0.6131268,1,569,4.455993794216473e-06,medium,positivefb,5.492997811764093e-07
173,8,6,0.6246833999,1,508,1.6707152059987865e-06,hard,positivefb,6.347645702744774e-06
174,8,6,0.4382196,1,810,4.182811711634886e-06,easy,positivefb,-4.937844194111366e-07
175,8,3,1.0543925,1,1602,1.2915921632047326e-06,hard,positivefb,5.952184105361526e-06
176,8,5,0.5086731,1,1297,8.07204264923486e-06,easy,positivefb,-1.0359137932395535e-06
177,8,5,0.5298992,1,682,9.39759038006358e-06,medium,positivefb,1.8740231933008154e-06
178,8,5,1.3887698,1,1275,-5.619953468456561e-06,hard,negativefb,1.5547147729216141e-06
179,8,4,1.7687317,1,468,1.4482975434176493e-06,easy,negativefb,3.8714526234541965e-07
180,8,3,1.2442729,1,1428,8.908084898804905e-06,easy,negativefb,-1.48631715201753e-06
181,8,5,0.7208137,1,1377,9.330394867580125e-06,medium,negativefb,-2.9347629699543e-06
182,8,6,0.4709740999,1,873,1.1379532896265224e-05,medium,negativefb,-1.3950654125558888e-06
183,8,6,0.440614,1,936,1.8930540062359226e-06,medium,negativefb,3.6123244211578824e-06
184,8,5,0.672419,1,667,5.979816260558707e-06,hard,negativefb,-3.436736465780065e-06
185,8,6,0.6810875,1,1945,4.399017714501091e-06,medium,negativefb,-5.513793678379573e-06
186,8,4,1.0628898001,1,882,1.4944316361418986e-06,hard,negativefb,1.7248556063630793e-06
187,8,5,0.6127807,1,923,2.827659070841321e-06,hard,negativefb,7.167462165915747e-06
188,8,5,0.7533413001,1,1755,9.498314781964385e-06,medium,negativefb,-1.1616312427696256e-05
189,8,6,0.8417284,1,870,-2.409649677173058e-06,easy,negativefb,6.323774938288364e-06
190,8,6,0.7792663,1,1494,1.9935394436645487e-06,hard,negativefb,2.1734585062963638e-06
191,8,3,1.0163281,1,1542,1.1704224193448773e-07,hard,negativefb,-6.667490038112079e-06
192,8,5,0.9375444,1,2166,4.9967786642171325e-06,hard,negativefb,4.387092431038848e-06
193,8,5,0.6934804,1,918,2.731764636060534e-06,easy,negativefb,1.3256619792485125e-05
194,8,4,0.7741654,1,390,8.277906191970918e-06,hard,negativefb,1.058545755931625e-05
195,8,5,0.7239517,1,1932,1.6905479873547345e-06,medium,negativefb,4.67091034257366e-06
196,8,6,0.8281197001,1,1633,8.01361489306468e-06,easy,negativefb,-3.156478197154021e-06
197,8,4,0.8643387,1,976,-1.3344884287487674e-06,medium,negativefb,6.6472898954468244e-06
198,8,5,1.0005838999,1,1860,9.922719443990367e-06,hard,negativefb,4.815834073184224e-06
199,8,3,0.6515415,1,2914,1.2592650943671273e-06,hard,negativefb,3.3840241363293853e-06
200,8,4,0.4920074,1,1645,7.554698938592182e-06,easy,negativefb,8.178390453495028e-06
201,8,5,0.5877379,1,1184,3.0654401744551144e-06,medium,negativefb,7.591680274946394e-06
202,8,5,0.6890931,1,1312,1.238504829687835e-05,easy,negativefb,-5.290328145223782e-06
203,8,5,0.7949937,1,687,5.009650965917138e-06,easy,negativefb,-2.57013351502214e-06
204,8,5,0.4577727,1,724,3.3783417556836224e-06,easy,negativefb,-3.6156844969477562e-06
205,8,1,0.4547388999,0,1608,1.1014159345151804e-05,hard,negativefb,-1.552003896262099e-06
206,8,2,1.3379180001,1,1046,6.421915419058384e-06,medium,negativefb,-2.1487721967556076e-07
207,8,5,0.6508763999,1,533,5.602371196901923e-06,easy,negativefb,-2.3042011140159326e-06
208,8,4,0.6421122999,1,1113,4.063027267327831e-06,medium,negativefb,-3.3403680022555706e-06
209,8,1,0.5956632,0,1048,5.421601248752569e-06,medium,negativefb,-6.215387790441119e-06
210,8,3,1.5135021999,1,1044,4.2332344982869315e-06,hard,negativefb,1.6613947280082476e-06
211,8,2,1.334452,0,1688,1.316054821656531e-06,easy,negativefb,-4.612448665752436e-07
212,8,5,0.6057637,1,624,8.489282753648308e-06,medium,negativefb,2.6345943703841204e-06
213,8,4,0.6352586,1,2239,2.1046481672032787e-06,easy,negativefb,4.963263139848753e-06
214,8,6,0.8518717,1,1015,3.968086706070759e-06,easy,negativefb,1.1644862363145043e-05
215,8,5,0.5116844999,1,796,2.3785874263065555e-06,medium,negativefb,-1.6602494734425775e-07
216,8,4,0.717633,1,2403,5.735072376003367e-06,easy,negativefb,-1.6268602923655108e-06
217,8,6,0.7571692,1,1414,2.21403775266109e-05,easy,negativefb,-4.486208071405446e-06
218,8,6,0.5290761,1,620,1.221083898038007e-05,medium,negativefb,3.2959356179207083e-06
219,8,5,0.5253496,1,738,2.037518681443901e-06,easy,negativefb,2.2935504160015175e-06
220,8,5,0.5377155,1,1890,5.3150519992907426e-06,medium,negativefb,-1.5140615410875362e-06
221,8,4,0.9739032,1,995,-2.7340942007832106e-06,hard,negativefb,8.431314028170075e-06
222,8,5,0.6321338001,0,1412,6.290763927591433e-06,hard,negativefb,-7.8486951303848e-06
223,8,5,0.6309516999,1,726,3.687954298580851e-06,medium,negativefb,-1.5672890611917014e-06
224,8,3,0.6672089,1,1810,1.9384507413576153e-06,hard,negativefb,7.2962367047346985e-06
225,8,4,0.7010416,1,782,1.4837818428892893e-05,medium,negativefb,-1.2703799136607437e-06
226,8,3,0.7247404,0,2102,-4.402904243939555e-06,hard,negativefb,8.433091939018287e-06
227,8,3,2.1575525,1,639,1.5410935316689055e-05,easy,negativefb,6.009149066491214e-06
228,8,6,0.7539649,1,1035,3.989230777016728e-06,easy,negativefb,-1.1067666844789092e-06
229,8,4,0.6746483999,1,857,1.540005841173154e-05,hard,negativefb,-1.550840060367359e-05
230,8,5,0.6680591999,1,1023,5.608807404865801e-06,medium,negativefb,-1.0513474932771048e-05
231,8,6,0.7209591001,1,668,1.242227473934186e-05,medium,negativefb,-1.505056656704934e-05
232,8,1,0.4623532,0,1106,-9.41525257637261e-06,hard,negativefb,4.784034517445016e-06
233,8,4,0.4367594999,1,1463,7.651770306089497e-06,easy,negativefb,-1.758949505802311e-06
234,8,4,0.7298409999,1,1666,7.697264930116077e-07,medium,negativefb,3.279194231884317e-06
235,8,5,1.0468728,1,936,1.4068186597942828e-06,easy,negativefb,5.694558132462942e-06
236,8,5,1.7091531,1,722,8.219559919063131e-06,hard,negativefb,-6.611353662913419e-06
237,8,5,1.2068167001,1,2913,1.0153053650724013e-05,easy,negativefb,-3.372895298765892e-06
238,8,4,0.4964144001,0,699,3.501582574311146e-06,hard,negativefb,-3.1765562124720563e-06
239,8,5,0.6636676999,1,631,1.0069457218159227e-05,easy,negativefb,-5.388401523756585e-06
240,8,5,0.6114708,1,1881,-4.002767222108368e-07,easy,negativefb,7.818556385837966e-06
241,8,6,0.6626157,1,1254,6.8456026490383595e-06,easy,negativefb,-3.8132152238942606e-06
242,8,6,1.7223624,1,1378,1.071319926598626e-05,medium,negativefb,-2.939604796421435e-06
243,8,4,1.0134437,0,677,-5.132610763161792e-08,medium,negativefb,8.27784270392237e-06
244,8,5,0.5149206001,1,1864,3.849021451203365e-06,hard,negativefb,1.9116775857471184e-06
245,8,2,0.6777374999,0,1606,8.228917363463484e-06,medium,negativefb,-4.918471276667907e-06
246,8,6,0.7083645,1,940,-2.1406641626427933e-06,easy,negativefb,4.983901665839266e-06
247,8,5,0.7213033,1,1341,6.139254863626731e-06,easy,negativefb,-2.2863585703274875e-07
248,8,4,0.5344407,0,1381,7.231147589021037e-07,hard,negativefb,4.732186047630289e-06
249,8,4,1.1963845,1,1136,5.3613308902604235e-06,hard,negativefb,-3.21435801549389e-06
250,8,5,0.6895824,1,395,7.293140308895699e-06,medium,negativefb,3.2038397789970597e-06
251,8,5,1.531262,1,2497,1.7651495567654224e-06,hard,negativefb,2.325382542342193e-07
252,8,5,0.8617546001,0,877,7.5394369051990465e-06,hard,negativefb,4.952786654500278e-06
253,8,5,1.3827175,0,869,8.298150763564413e-07,hard,negativefb,-5.404278663876449e-07
254,8,4,0.8054316,1,1991,5.485779762312043e-06,medium,negativefb,-7.903342356836913e-07
255,8,2,0.5518639,0,1460,7.725425914500904e-06,medium,negativefb,6.6918703342397285e-06
256,8,1,0.5327353,0,1830,2.7904353519541047e-06,hard,negativefb,7.638520490039063e-06
257,8,5,0.8944038,1,1373,1.209007513939707e-06,medium,negativefb,9.91059814815988e-07
258,8,2,0.4687747,0,1174,1.4698319305352851e-05,medium,negativefb,-1.0898052476768719e-05
259,8,5,0.8512994,0,2458,1.1352757273726395e-05,medium,negativefb,3.0222092963908865e-06
260,8,6,0.7341414,1,1213,6.072984902783128e-06,medium,negativefb,4.23162900924319e-06
261,8,5,0.5066794,1,1200,8.121676850242004e-06,easy,negativefb,2.70738153577185e-06
262,8,5,0.8077658,1,388,7.332473534771644e-06,hard,negativefb,7.969837307759588e-07
263,8,6,0.7031584999,1,1307,-2.100953922630158e-06,medium,negativefb,7.947619019659035e-06
264,8,6,0.7858479001,1,970,2.502634550753498e-06,medium,negativefb,2.6060503801324073e-06
265,8,6,0.5922504,1,1728,1.274266834907513e-08,easy,negativefb,3.84063616349309e-06
266,8,4,0.5696755,0,1078,-3.642939271860177e-06,hard,negativefb,-2.0261190172852564e-06
267,8,5,0.4950016,1,905,1.429622387193885e-06,hard,negativefb,2.463996964544179e-06
268,8,5,0.9560883,1,595,7.19992161016128e-06,hard,negativefb,9.302500156142609e-06
269,8,5,1.7662144999,1,2151,-3.40057015999584e-07,easy,negativefb,2.2891470005516358e-06
270,8,5,0.6567936001,1,1627,1.1749507596418967e-05,medium,negativefb,-6.8297020858051606e-06
271,8,5,0.7839037001,0,2364,5.824859131923286e-06,hard,negativefb,1.9051989504648646e-06
272,8,5,0.5150116,1,1900,3.6305303661481012e-06,easy,negativefb,4.5268214468549566e-07
273,8,1,0.7286186001,0,1511,1.6519298804382699e-06,hard,negativefb,-3.2269079446321737e-06
274,8,6,0.6181592999,1,805,6.792021548643206e-06,medium,negativefb,-6.702994262170764e-08
275,8,5,0.6068723,1,960,-6.897227514971905e-06,easy,negativefb,1.2304185748714141e-07
276,8,5,0.6011273999,1,1716,-5.8898411641973915e-06,easy,negativefb,1.0974768144743365e-05
277,8,5,0.4751342,1,1536,6.01045415856667e-06,medium,negativefb,8.095280602682633e-06
278,8,1,0.5741626,0,766,1.365102799648779e-06,easy,negativefb,-6.444422367096744e-06
279,8,5,0.9778083999,0,730,-7.2366886313676306e-06,medium,negativefb,-1.0865972665018327e-05
280,8,6,0.7785518001,1,466,1.370374240314227e-05,hard,negativefb,5.365809595096267e-07
281,8,6,0.8590457001,1,1184,2.8303055851844953e-06,hard,negativefb,-8.309313746297205e-06
282,8,6,0.8621502999,1,1682,4.064005260938336e-06,easy,negativefb,-2.7915159811606823e-06
283,8,6,0.7785594,1,416,8.376656019460302e-07,medium,negativefb,-5.924577894186368e-06
284,8,4,0.9464089,1,1791,7.296780182356777e-06,hard,negativefb,-2.168774517728417e-06
285,8,6,0.8209916999,1,824,4.496700134012665e-06,easy,negativefb,-7.21334504068233e-06
286,8,3,0.8849678,0,1622,2.0740311188091947e-06,hard,negativefb,1.4780254406631032e-05
287,8,6,0.8751777,1,950,1.0146785265521442e-06,medium,negativefb,-3.484312123112735e-06
288,8,2,0.7129852,0,1862,5.358809375080126e-06,easy,negativefb,-2.2454962702780463e-07
289,8,5,0.8978634001,1,793,9.219056413872286e-06,easy,negativefb,4.8331053894946405e-06
290,8,5,0.7982778,0,959,1.779255854655395e-06,hard,negativefb,9.637714920628387e-06
291,8,5,0.9848058,1,372,3.317734779360267e-06,medium,negativefb,-1.8875178247227027e-06
292,8,5,1.0208741,1,447,1.0879499178684086e-05,easy,negativefb,-5.111903012839447e-06
293,8,2,1.6225019,0,1074,1.5939843319295078e-06,hard,negativefb,-8.24989720598389e-06
294,8,5,0.8527301999,0,536,1.0710031491112795e-05,hard,negativefb,5.615799398027862e-06
295,8,6,0.6055149001,1,989,1.4880695831334622e-05,easy,negativefb,-5.301231209177892e-06
296,8,6,0.5385163,0,691,2.3476466095475142e-06,medium,negativefb,6.023487733070724e-07
297,8,6,0.6694345,1,1775,9.519339586755253e-06,easy,negativefb,5.114265699708429e-06
298,8,5,0.6854598001,1,1760,5.155069247312432e-06,medium,negativefb,4.523606228398772e-06
299,8,5,0.5005772001,1,616,6.855103088802725e-06,hard,negativefb,5.4928402466033854e-06
300,8,5,0.6445776999,1,1881,1.056790961620593e-05,easy,negativefb,1.7188447245830596e-06
301,8,5,0.581992,1,1657,2.007575233101734e-06,hard,negativefb,1.9033399348936687e-06
302,8,5,0.6858605,1,1887,-2.8044185445081475e-07,hard,negativefb,5.351751463957506e-06
303,8,5,0.5552425,1,1839,1.135007949654158e-05,hard,negativefb,-6.231791013479828e-06
304,8,6,0.7077352001,1,1837,1.918359948523677e-06,easy,negativefb,2.9548728428453743e-06
305,8,5,0.7892793,1,1415,8.874835255119321e-06,hard,negativefb,5.9540058219274095e-06
306,8,6,0.6313096001,1,1273,-2.3773140513890362e-06,medium,negativefb,8.698145513218681e-06
307,8,4,0.4741582,0,1254,1.2943221105906228e-05,medium,negativefb,-2.96181381709897e-06
308,8,4,0.6107729999,1,2239,2.999064199258681e-06,medium,negativefb,1.7405250027429877e-07
309,8,6,0.6557241001,0,1533,1.4022426133736919e-06,easy,negativefb,1.79401004525202e-06
310,8,1,0.546085,0,1022,7.577637598833575e-06,medium,negativefb,-5.797381624034307e-06
311,8,6,0.6082733001,1,1392,-1.8787046235311488e-06,hard,negativefb,8.227337849332355e-06
312,8,6,0.7717606999,1,1005,8.10406033935993e-06,easy,negativefb,-2.34991237040157e-06
313,8,6,1.4256716,1,1183,6.77772632382832e-06,easy,negativefb,1.5988541691491525e-06
314,8,6,0.6481527,1,2329,8.587979308955746e-06,easy,negativefb,5.565926936657911e-06
315,8,4,0.8854651999,0,939,1.5471732012391696e-05,hard,negativefb,3.9616446963642655e-07
316,8,5,0.6750365,1,2125,6.64499469856171e-06,medium,negativefb,2.0897426881934762e-06
317,8,6,0.7868493999,1,1661,4.308108200814474e-06,easy,negativefb,2.6542142271252977e-06
318,8,6,0.4540738,1,2107,6.131794562712198e-06,medium,negativefb,2.369871796166048e-06
319,8,5,0.7241334,1,1836,6.656073443186668e-06,medium,negativefb,1.1312988228486487e-06
320,8,4,0.7767851,1,1864,1.0336042859631352e-06,medium,negativefb,8.834177489095909e-06
321,8,6,0.8170057,1,1839,-1.9910292187591833e-06,medium,negativefb,3.633919557498336e-06
322,8,2,0.7737794999,0,2506,6.663619059452958e-06,easy,negativefb,-6.47667411051518e-06
323,8,6,0.6070746001,1,1858,8.17085858101924e-06,hard,negativefb,-2.8019232709451765e-07
324,8,4,1.1230902,0,1293,-2.4335131699979703e-06,medium,negativefb,-3.655226970120456e-06
325,8,4,0.7217719,1,1104,2.1344744819069313e-05,easy,negativefb,-1.1279859424443834e-05
326,8,6,0.6397365,1,1485,5.8263326397280375e-06,hard,negativefb,3.6884711279738417e-06
327,8,6,0.5395666,1,2000,-5.300146068482353e-07,medium,negativefb,8.623726435379346e-06
328,8,1,0.4810088001,0,959,1.461923770889586e-05,medium,negativefb,2.272574458753414e-06
329,8,4,1.1339589,0,1903,3.712796443706182e-06,hard,negativefb,-2.6305093417199127e-06
330,8,6,1.12547,1,889,1.1800590470639576e-05,easy,negativefb,7.560970203573712e-07
331,8,5,0.6222831999,1,1903,5.789156863983224e-06,easy,negativefb,6.4780611685337566e-06
332,8,6,0.4719417001,1,2339,8.188366980098879e-06,medium,negativefb,-2.7203151705045824e-06
333,8,5,0.5040444001,1,2117,1.2088747501550362e-05,medium,negativefb,-9.177381102705911e-07
334,8,4,0.6115782,0,2011,4.688227220068127e-06,easy,negativefb,1.2290572945926885e-06
335,8,5,0.4817254,1,2282,4.120036966889482e-06,hard,negativefb,3.0643038831377473e-06
336,8,6,0.7288313,1,1796,6.005837959310698e-06,easy,negativefb,5.726308859723797e-07
337,8,1,0.5672145,0,809,7.091031491760035e-06,easy,negativefb,2.1383164691502025e-06
338,8,4,1.0215798999,0,867,7.451468518538915e-06,hard,negativefb,-7.670827798604787e-06
339,8,4,0.8249531999,0,627,5.0433354624125226e-06,hard,negativefb,-5.667201959824161e-06
340,8,5,0.7496658,1,1694,1.2003019617252137e-05,easy,negativefb,-1.5929244123996655e-05
341,8,4,0.5833671,1,2454,4.890824221963543e-06,hard,negativefb,5.6187447062673645e-06
342,8,4,0.5382662,0,1106,2.627846159534702e-06,medium,negativefb,-1.3943483246135444e-06
343,8,3,0.7198914001,0,1548,5.6100642529668765e-06,easy,negativefb,3.7993105734206534e-06
344,8,3,0.8439864001,1,1680,6.078112430522501e-06,medium,negativefb,5.763484344903691e-06
345,8,4,0.5951017,1,1239,6.319849339805933e-06,easy,negativefb,2.777577667477547e-06
346,8,4,0.8537589001,1,1079,1.0569606097760864e-05,hard,negativefb,-6.995244844623302e-06
347,8,4,0.7836391,1,798,-5.011170030566997e-06,medium,negativefb,-3.469661967432109e-06
348,8,5,0.7438781,1,2116,-1.5138262165131985e-06,medium,negativefb,7.111675478659496e-06
349,8,6,1.080537,1,1048,1.4199544001836957e-05,easy,negativefb,-5.195375199436546e-06
350,8,4,0.5321006,0,1083,6.247299317587307e-06,hard,negativefb,5.766306769495199e-06
351,8,6,0.6139318,1,2267,1.8755111013719487e-06,hard,negativefb,-1.378378758089393e-06
352,8,6,0.5093575,1,2047,1.2038413409920541e-05,hard,negativefb,-3.264756331030192e-06
353,8,6,0.5067695001,1,717,1.643525501840292e-05,easy,easy,-9.08476956924936e-06
354,8,4,0.5937293,0,1324,9.95082256771417e-06,medium,easy,3.0276822461634795e-06
355,8,6,0.5894270999,0,1891,-4.168406317734824e-06,hard,easy,2.977239823969941e-06
356,8,6,0.5516527001,1,1236,1.3582631619945678e-05,medium,easy,-3.636322435127033e-06
357,8,3,0.4900174,0,1506,2.9596003319586317e-06,hard,easy,2.455156976459006e-06
358,8,5,1.122704,1,684,-1.012512687576561e-06,hard,easy,1.0669673130782638e-05
359,8,5,0.5078433,1,2416,7.912666396764239e-06,easy,easy,-3.3428064279228052e-06
360,8,6,0.5433988001,1,1019,5.3032010795821874e-06,easy,easy,4.08235275276986e-06
361,8,6,0.4232006,1,2068,5.169486674924691e-06,medium,easy,2.838500142737706e-06
362,8,4,0.4390514001,1,947,2.88506858122956e-06,hard,easy,2.0978913854382547e-06
363,8,6,0.8027543999,1,1600,7.1381155155645965e-06,medium,easy,-1.1710857958396462e-05
364,8,1,0.5452639,0,877,1.8912494353605335e-05,easy,easy,-8.64958475726929e-06
365,8,4,1.1654784,1,1039,2.9381580334095025e-06,hard,easy,3.936195105066937e-06
366,8,3,0.5197799001,0,1859,4.282624294635022e-06,medium,easy,4.4168633684897325e-06
367,8,6,0.6154544,1,1651,1.6596501999620914e-05,medium,easy,1.0245687003687857e-06
368,8,5,0.5415353001,1,1231,6.0463969578151855e-06,medium,easy,-2.472219606533471e-06
369,8,5,0.4938558,1,1724,-8.260287105472796e-06,easy,easy,6.130357936035682e-06
370,8,5,0.6001627999,1,2403,-9.887308343349132e-07,medium,easy,1.3339161395319585e-05
371,8,5,0.5270524001,1,1969,6.521017857218385e-06,hard,easy,-2.6862699248370525e-06
372,8,5,0.4389772,0,1828,5.850129856120657e-06,hard,easy,9.013356006560401e-06
373,8,6,0.5815355,1,2550,-3.0065108933052116e-07,hard,easy,-3.1254514828535415e-06
374,8,5,0.5450526,1,1724,9.173542209578995e-06,medium,easy,1.1902135728541284e-05
375,8,4,0.5503753,0,2181,1.3520709485921721e-05,hard,easy,-1.074562344681186e-05
376,8,6,0.5459612,1,2874,1.7385550037559406e-06,medium,easy,6.673905259160999e-06
377,8,6,0.5523181,1,1269,7.942044250144005e-06,easy,easy,-1.639343189785594e-06
378,8,6,0.5720595,0,2494,6.931074783105388e-06,medium,easy,8.874281409334432e-06
379,8,5,0.5677139,1,2471,1.0976094191784632e-05,easy,easy,-7.08817315427056e-06
380,8,6,0.6244767,1,1550,7.879311610583108e-06,medium,easy,-3.031401454300236e-06
381,8,5,0.5955454999,1,971,8.211280043654371e-06,easy,easy,7.766118560533619e-07
382,8,6,0.5368087001,1,945,8.724942441399938e-06,easy,easy,5.574736781862686e-06
383,8,5,0.4646406,1,955,5.016024346292929e-06,easy,easy,3.2554086949742948e-06
384,8,2,0.6536379999,0,1392,-1.8873803931608571e-06,easy,easy,2.9761932402608345e-06
385,8,5,0.5174288,1,1046,7.994143655550061e-06,hard,easy,1.2486202151060173e-06
386,8,4,0.6143601,1,838,6.0516555670062844e-06,medium,easy,1.2661593154905786e-06
387,8,6,0.5887314,1,1151,4.063530467358564e-06,easy,easy,1.5350707633350777e-07
388,8,6,0.6767833,1,1434,6.99255052578485e-06,medium,easy,1.0790265039087206e-05
389,8,5,0.5088942,1,880,8.619540510979998e-06,medium,easy,4.8377530534051955e-06
390,8,6,0.4294027,1,1405,1.1357773763674959e-05,easy,easy,-1.144807240056281e-06
391,8,4,0.8290855,0,1815,1.0478824567088695e-05,medium,easy,-4.546922025967761e-06
392,8,4,0.7110127,0,740,1.2247565567137825e-05,hard,easy,8.36275320857123e-06
393,8,5,0.7897993,1,841,9.04656353778329e-06,hard,easy,-1.960084267562128e-06
394,8,5,4.3327172999,1,479,-2.0242081949338406e-06,hard,easy,5.910916279684729e-06
395,8,2,0.4802169,0,923,1.6006494826420133e-05,medium,easy,2.5420034471186315e-06
396,8,6,0.5189794,1,1444,-1.4873492058792691e-06,easy,easy,1.6244454985463522e-05
397,8,4,0.6018948,1,773,-8.201601925782025e-06,medium,easy,5.113826056456031e-06
398,8,5,0.7899161,1,1193,1.2050028668601613e-05,easy,easy,-2.2780932275065185e-07
399,8,5,0.565846,0,1829,6.767305583468686e-06,hard,easy,4.942271157013214e-06
400,8,5,0.6478771,1,2070,6.159492029679319e-08,hard,easy,-1.6917680138331657e-06
401,8,5,0.5217755,1,1121,3.630228359682256e-06,medium,easy,3.4527387246637827e-06
402,8,5,0.5035571001,1,820,-7.164356027520316e-06,hard,easy,3.3010505972925015e-06
403,8,2,0.5599243001,0,943,5.672889021664464e-06,easy,easy,3.269945390710323e-07
404,8,5,0.4658919,1,1178,1.053561707684848e-05,easy,easy,1.2713792218304527e-05
405,8,6,0.4469341,1,1707,5.509136777166021e-06,easy,easy,2.783219609786486e-06
406,8,5,0.5717817999,0,1412,4.305578602714804e-06,hard,easy,-5.317773274464436e-06
407,8,6,0.5154462999,1,1210,-3.3588445005200236e-06,hard,easy,6.653042117105897e-06
408,8,5,0.5562321,1,1653,4.857207036613174e-06,hard,easy,-6.284251128735585e-06
409,8,6,0.5723923,1,1342,1.0589105073565932e-05,medium,easy,-2.1283817877439155e-06
410,8,6,0.6811266,0,498,4.352047428048901e-06,hard,easy,1.2519524850401145e-05
411,8,6,0.6782919,1,550,-1.1389396647524608e-05,easy,easy,8.541569201700171e-06
412,8,6,0.5870117,1,988,2.6796502628842487e-05,medium,easy,-3.4658590117540747e-06
413,8,5,0.4824198,1,1141,5.827710546734626e-06,easy,easy,-8.155697685813235e-06
414,8,6,0.3854220001,1,1259,6.650069922437859e-06,medium,easy,7.625536727419007e-07
415,8,5,0.7486610999,1,477,-2.1214741641552967e-07,easy,easy,2.146044331890238e-06
416,8,6,0.9531826001,1,839,4.388813365457625e-06,medium,easy,1.3808407338702318e-05
417,8,5,0.5870227,0,624,7.413554582969315e-06,hard,easy,2.2811914776655936e-06
418,8,6,0.5808107,1,980,1.1297930272740585e-05,easy,easy,-3.962883783566311e-06
419,8,6,0.4980117,1,811,1.5163234355062624e-05,easy,easy,5.405678206451652e-06
420,8,6,0.4495546001,1,1036,2.7938572938569356e-06,easy,easy,-3.6338485539940894e-06
421,8,5,0.6904119999,1,1098,1.6209410494619596e-06,hard,easy,-7.0950398186389695e-06
422,8,6,0.4789538,1,878,1.6055366469814785e-05,hard,easy,1.1397643585043177e-06
423,8,6,0.6306536,1,772,2.605502124572778e-06,easy,easy,4.711032493944712e-06
424,8,5,0.7366898,0,1515,3.668950705117763e-06,hard,easy,-1.120205969727133e-06
425,8,2,0.5473815999,0,1532,8.401449740948191e-06,easy,easy,1.2088142356366326e-06
426,8,5,0.4579703,1,1071,1.2689507056611732e-06,hard,easy,-3.0400624980805995e-06
427,8,6,0.5545222,1,769,3.415284438623862e-06,easy,easy,-4.221990131595663e-06
428,8,5,0.5078295,1,1009,4.801361915866183e-06,medium,easy,6.207577072602824e-06
429,8,5,0.5653833,1,501,1.0374192736972958e-05,hard,easy,-1.5057140437382225e-06
430,8,5,0.9938949,1,523,2.8381986454527406e-06,medium,easy,5.930282224301958e-06
431,8,6,0.6183037,1,610,9.846108362832462e-06,medium,easy,-3.1833995736713053e-06
432,8,6,0.682973,1,609,1.0639572407040687e-05,medium,easy,7.910958606886116e-06
433,8,4,1.5200515999,1,847,6.021860780168637e-06,medium,easy,-1.1804967789068285e-05
434,8,5,0.5279424001,1,763,6.04630676724516e-06,medium,easy,3.875152461367685e-07
435,8,5,0.4793047999,1,1500,1.0892853252750981e-05,hard,easy,2.58274444019061e-06
436,8,4,0.9137012999,1,1309,-9.437409838178832e-06,hard,easy,1.5546042825065007e-05
437,8,1,0.4667959999,0,1016,1.0386095394204626e-05,easy,easy,5.400583593118651e-06
438,8,6,0.5263542,1,1952,2.543367428069707e-06,hard,easy,9.688675924834442e-06
439,8,5,0.4608801999,1,1762,-9.500948334135676e-09,medium,easy,1.0287622167994055e-05
440,8,5,0.7849205,1,1343,4.941057135304656e-06,hard,easy,1.3423208620010238e-06
441,8,6,0.5696741999,1,1220,7.138400793439233e-06,easy,easy,4.364279566770079e-06
442,8,4,0.4541098999,0,1221,9.085141799089596e-06,medium,easy,-2.6047534011366957e-06
443,8,4,0.6230282,0,1104,9.347916219729089e-06,hard,easy,1.7518522311480637e-07
444,8,2,0.7740426,0,1304,9.208146275325359e-06,easy,easy,-9.577459522189764e-07
445,8,5,0.9708588,1,480,4.409690460325156e-06,easy,easy,-3.890223593872334e-06
446,8,6,0.4993122,1,2492,1.1630463233711465e-06,medium,easy,6.133192118501081e-06
447,8,5,0.6687790999,1,1056,2.0462894754605727e-06,medium,easy,-1.0263986836052588e-06
448,8,5,0.6331181,1,2047,6.751713717689455e-06,easy,easy,-2.497238074208671e-06
449,8,5,0.4613386,0,2222,5.515863341012204e-06,hard,easy,2.5940359595988317e-06
450,8,6,0.5735082,1,1903,-1.857005091028802e-06,medium,easy,4.933458071803481e-06
451,8,5,0.8377519,0,1815,4.662763278343509e-06,hard,easy,-4.216117197554849e-06
452,8,5,0.6277807,0,1607,1.169229296754745e-05,hard,easy,-4.69194106881087e-06
453,8,1,0.5058461999,0,789,2.588869967479743e-06,medium,easy,5.5826332678558914e-06
454,8,6,0.5560572,1,1764,6.182122663859447e-06,easy,easy,6.75350831186768e-06
455,8,5,0.499236,1,1821,6.551038292258024e-06,hard,easy,1.3220773686422872e-06
456,8,4,1.3745552,1,750,5.090312210104432e-06,hard,easy,-3.3574493149448125e-06
457,8,5,0.5571485,1,798,1.789848805448048e-05,hard,easy,1.2393264898094602e-06
458,8,6,0.4772464,1,1342,-7.684140179896807e-06,medium,easy,1.2256229491967045e-05
459,8,5,0.499787,1,1352,1.066461858580385e-05,easy,easy,-3.761963905174995e-06
460,8,5,0.4617359,1,1682,8.37171599232681e-06,medium,easy,2.111261727121747e-06
461,8,5,0.5435697,1,1452,1.5038195448674831e-06,medium,easy,7.591005610896976e-07
462,8,5,0.8945617001,1,1889,4.675000551525227e-06,hard,easy,4.140371327805535e-06
463,8,5,0.4194437,0,728,1.4297559697593389e-05,easy,easy,-4.793258605828497e-06
464,8,4,0.4316389001,1,844,7.562673652148815e-06,medium,easy,2.9951058183382216e-06
465,8,4,0.5505057999,0,792,3.0705087551268116e-06,hard,easy,-8.40408356352227e-06
466,8,6,0.5187041,1,2151,6.556099011596362e-06,easy,easy,-1.8522696969006912e-06
467,8,6,0.6791922,1,2440,9.418048985433575e-06,hard,easy,-3.88926133407682e-06
468,8,1,0.5239426,0,949,8.13275879867958e-06,medium,easy,-6.937777791108106e-06
469,8,6,0.5781245,1,1515,3.07838857559305e-06,easy,easy,-7.615260815443272e-07
470,8,4,0.4256317001,0,913,9.748222807500116e-07,easy,easy,4.746187159875866e-06
471,8,6,0.4468414,1,1533,7.150888502962821e-06,easy,easy,1.6754707058300332e-06
472,8,6,1.1183136,1,873,5.106036094839391e-06,medium,easy,-2.6177687098604144e-06
473,8,6,0.5185618,1,2069,7.609249386689488e-06,medium,easy,-7.312060189844679e-06
474,8,6,0.6080222999,1,2333,1.1985810586153258e-05,easy,easy,7.399952445310602e-07
475,8,6,0.6443076,1,1993,6.454300483034636e-06,easy,easy,1.7099257470956646e-06
476,8,5,0.6500040999,1,2354,-2.5595025798512473e-06,medium,easy,1.5717808847878703e-06
477,8,5,0.489508,1,2756,1.028783019807544e-05,easy,easy,-5.231774555039574e-06
478,8,5,0.5525394001,1,2178,1.0161253645086869e-05,easy,easy,2.784325638655491e-06
479,8,2,0.4651224,0,1450,4.8525182141927135e-06,medium,easy,-1.1107053301766276e-05
480,8,5,0.4786900999,0,624,4.207759478580445e-06,medium,easy,1.168795361551009e-05
481,8,6,0.5333665001,1,1285,2.0487456530334097e-05,easy,easy,4.236989460694176e-06
482,8,6,0.5406446001,1,1856,4.272975034348945e-06,medium,easy,9.973517257959137e-06
483,8,6,0.4360148,1,1767,8.626931874562374e-06,hard,easy,-9.984722125002622e-07
484,8,5,0.6417833,1,1977,6.386820138342017e-06,medium,easy,-7.200666686839355e-06
485,8,6,0.5169168999,1,2216,1.054491183902004e-05,easy,easy,-1.7050752285412885e-06
486,8,6,0.5251876001,1,1214,-2.2086619691453726e-06,easy,easy,9.95263766620161e-06
487,8,5,0.4985197,1,461,-3.35363875152239e-08,medium,easy,2.58802207854979e-06
488,8,4,0.5631079,1,454,1.1031909977438831e-05,hard,easy,1.0190356559724543e-06
489,8,5,0.6065493,1,576,-4.329010052039005e-06,easy,easy,-2.5974294786210813e-06
490,8,5,0.4544245,1,490,7.371807452143003e-07,medium,easy,1.7961267205195749e-06
491,8,6,0.5065023999,1,468,2.689691209340595e-06,hard,easy,5.837276888249835e-06
492,8,5,0.5261375,1,480,5.1583341751220695e-06,medium,easy,5.5564086643218504e-06
493,8,5,0.6326487,1,535,1.2062894452239648e-05,medium,easy,-3.680532474520159e-06
494,8,5,0.4734171999,1,610,-2.065789710516401e-06,medium,easy,8.323117398019023e-06
495,8,5,0.5704835,1,422,-1.1170123493284398e-06,easy,easy,-1.1675167817233164e-06
496,8,5,0.7077335001,1,347,1.5809490337730784e-05,medium,easy,7.378331324951386e-06
497,8,1,0.5481759999,0,971,-9.413121129807741e-07,medium,easy,2.640460803251193e-06
498,8,5,1.0049511,1,1503,-1.8821051920026322e-07,hard,easy,-1.0607715160312071e-06
499,8,6,0.6614578,0,1467,6.734899804170764e-06,medium,easy,5.875446842512027e-06
500,8,6,0.5277723001,1,1581,-2.3363058541015083e-06,hard,easy,-3.7656432601702187e-06
501,8,5,0.5155301,1,2092,1.3135957060404032e-05,easy,easy,-2.5448515449507614e-06
502,8,5,0.678064,1,2177,-4.4857774137038204e-06,hard,easy,7.144057943554117e-07
503,8,5,0.5009244999,0,2265,1.3026498830280017e-05,hard,easy,-1.2104594358696845e-06
504,8,5,0.4320545,1,2847,5.048233069476557e-06,easy,easy,3.3331048302156526e-07
505,8,4,0.4614614,1,750,4.425832777370819e-06,hard,easy,1.1343656456003964e-05
506,8,5,0.6115822,0,394,1.2841162508905666e-05,hard,easy,-1.309857079197136e-06
507,8,6,0.731714,1,994,3.5607235806851053e-06,easy,easy,-2.2161846154799664e-06
508,8,5,0.5007595001,0,711,-2.946940650274673e-06,easy,easy,1.916832358021292e-06
509,8,6,0.5980026,1,775,1.5846253757056038e-05,hard,easy,1.9914362999762594e-06
510,8,6,0.5178652001,1,1030,8.402312899106666e-06,easy,easy,5.502322271807487e-06
511,8,6,0.5166692999,1,506,4.465215766506527e-07,easy,easy,9.918504763774356e-06
512,8,6,0.9700543,1,771,8.753270206008317e-06,hard,easy,-1.411800147805914e-06
513,8,5,0.5057272,1,915,9.612946857910653e-06,hard,easy,-2.8009219203655104e-06
514,8,5,0.4806299,1,1341,-9.409974513458581e-07,hard,easy,5.736706891438026e-06
515,8,4,0.582897,1,788,8.04502065017283e-06,hard,easy,-5.599825092336003e-06
516,8,5,0.5900145,1,464,4.554219683140771e-06,medium,easy,1.1570775752123142e-05
517,8,6,0.4100476,1,1423,-1.5801298829490846e-06,easy,easy,7.033091236379109e-06
518,8,6,0.4525289,1,1991,-3.753605310458335e-08,easy,easy,1.1449309900012848e-05
519,8,3,0.4356086,1,1351,3.881980573870226e-06,hard,easy,1.2610168036358272e-05
520,8,5,0.6918522,1,618,5.87008994525605e-06,hard,easy,4.316913242209334e-06
521,8,5,0.5907361,1,365,-1.0984773380066509e-05,hard,easy,1.6177910402049173e-05
522,8,5,0.6784362,1,358,1.3958817813078504e-05,medium,easy,-5.288899684610746e-06
523,8,3,1.6330454,1,442,3.898273100690389e-06,hard,easy,9.801776874401657e-06
524,8,5,0.5844255,1,1315,1.788168655036988e-06,medium,easy,3.5490901171952547e-06
525,8,4,0.4440687,1,975,4.126461077438714e-06,easy,easy,3.588243142029681e-06
526,8,5,0.5193675,1,932,1.1891479868850077e-05,medium,easy,1.9680065164526205e-06
527,8,5,1.0913558,1,808,2.750385007151515e-06,hard,easy,-6.5951593241943104e-06
528,8,5,0.5497552,1,901,1.256503168548457e-05,easy,easy,-3.51476918698322e-06
529,8,6,0.5286801,1,1615,1.0988610482174002e-05,easy,easy,9.215409554980721e-06
530,8,5,0.5936868,1,2426,6.815162544657164e-06,hard,easy,-8.991614815757415e-06
531,8,6,0.4343985,1,1545,9.524447189674895e-06,medium,easy,6.3116262336222774e-06
532,8,2,0.5020273,0,1029,-1.5384536223397528e-06,medium,hard,-8.614022746553026e-07
533,8,6,0.5391681,1,1977,1.3631097664659902e-05,easy,hard,5.428223510711525e-06
534,8,6,0.7943043,0,1724,1.1151677933810523e-06,hard,hard,-4.6733141894008434e-06
535,8,6,0.5032609,1,1863,9.009731974658931e-06,hard,hard,-4.935602842122967e-06
536,8,6,0.5451094001,1,1705,8.684455349822928e-06,medium,hard,2.8288178967629205e-06
537,8,5,0.5025888999,1,981,2.5430847102389443e-06,medium,hard,-1.4267053335813384e-06
538,8,6,1.0282608001,1,1190,1.4879747109482813e-05,hard,hard,-6.75294840966873e-06
539,8,6,0.5840936,1,1523,3.8859769569281994e-06,easy,hard,9.99407757405906e-06
540,8,5,0.5700888,1,1153,-2.8576677115807983e-06,easy,hard,8.117730253438193e-07
541,8,5,0.6049490999,1,1295,4.972950002537088e-06,easy,hard,3.433933843989484e-07
542,8,5,0.5456828,0,1466,-5.616006962404422e-06,hard,hard,4.418827406006768e-06
543,8,5,0.4469815,1,783,7.3788052457654525e-06,medium,hard,1.4418926453990437e-05
544,8,5,0.6243937,1,427,-4.8848617290185636e-06,medium,hard,1.1220632805167237e-05
545,8,6,0.7480682,1,415,3.93797856154822e-06,medium,hard,-8.131679172874793e-06
546,8,1,0.5993014,0,1032,2.855412577090275e-06,medium,hard,2.5459265186477726e-08
547,8,6,0.8272717999,1,483,6.0098430470098404e-06,easy,hard,2.6834549106644105e-06
548,8,5,0.9777139999,1,1082,1.6527089963892837e-06,hard,hard,2.4404846149118387e-07
549,8,2,0.6082431,0,1546,-1.8607461545175436e-06,medium,hard,-8.383027322636263e-07
550,8,4,1.277505,1,1515,-3.1414623524127652e-06,hard,hard,2.1694140001172415e-05
551,8,4,0.764906,1,995,-1.0142838386305596e-05,hard,hard,3.75453533636265e-07
552,8,4,0.7984384,1,543,-2.9743242099946717e-06,hard,hard,-7.832533967556222e-06
553,8,6,0.645612,1,515,6.01571231951934e-06,easy,hard,7.926982425275966e-06
554,8,6,0.6107719999,1,600,9.956972780707128e-06,easy,hard,-6.710168304062767e-06
555,8,5,0.506096,1,687,1.5521492498656511e-06,medium,hard,-3.102692681756154e-06
556,8,5,0.5536028,1,448,9.577598185608204e-06,easy,hard,-8.592463481128473e-07
557,8,6,0.5600074,1,1611,1.7343596380350326e-05,easy,hard,3.642202782803408e-06
558,8,6,1.0020722999,1,661,-1.3790872458566405e-06,hard,hard,-8.906402169239365e-06
559,8,6,0.4991794,1,1562,3.1576677527443893e-06,easy,hard,5.813179684747258e-07
560,8,6,1.1117482999,1,1123,1.2104343326042481e-05,medium,hard,8.410187858520478e-07
561,8,5,0.7196695999,1,412,-3.8358642497188305e-06,medium,hard,-1.1940731029557676e-05
562,8,5,0.7133956,1,514,1.1347207325615772e-05,medium,hard,-1.2357925602268992e-05
563,8,5,0.5784434,1,696,3.577243175133026e-05,hard,hard,-2.0714780939804057e-07
564,8,4,0.4806988999,0,637,-1.2396942260620852e-06,easy,hard,-5.379693921063463e-06
565,8,4,0.5747957999,1,1232,2.2747184043705254e-05,medium,hard,-8.614687360031871e-06
566,8,6,1.1142347,1,308,-3.59158123308974e-06,hard,hard,4.6184501623367966e-06
567,8,6,0.6485757,1,354,-3.0549097320727448e-06,easy,hard,-1.6056182946946397e-06
568,8,5,0.685936,1,1275,2.3612282404375996e-06,hard,hard,6.663304963665903e-06
569,8,5,0.5836279,1,515,5.5699590161005644e-06,hard,hard,-2.2392622941108626e-07
570,8,5,0.5772307001,0,490,2.6740296151769123e-06,hard,hard,-2.0895991248805412e-06
571,8,6,0.5178601999,1,661,1.2012681548879695e-05,easy,hard,-8.849072336071455e-08
572,8,5,0.4507137,0,1404,4.726400306117353e-06,easy,hard,1.5626109941867055e-05
573,8,5,1.0047874,0,639,-8.582497810362389e-06,medium,hard,5.650595134199305e-06
574,8,6,0.5924666,1,477,1.2412305480612127e-05,easy,hard,1.250654863423429e-05
575,8,6,1.0626334001,1,2611,-2.1887151581607995e-06,medium,hard,-9.600044281304726e-07
576,8,5,0.761915,0,318,4.7297598704808635e-06,hard,hard,-4.364139314601349e-06
577,8,5,1.5384223,1,3656,6.480869157492895e-06,easy,hard,-1.97652162522616e-06
578,8,5,0.6181107999,1,1359,1.908968008062435e-05,medium,hard,-8.395331358910227e-06
579,8,6,0.4821272,1,2585,5.581405437251343e-06,easy,hard,7.685574870915694e-06
580,8,1,0.5408314,0,671,-2.36715856148815e-06,hard,hard,-1.0486498572541793e-05
581,8,6,0.6248106,1,1134,7.152525014148736e-07,hard,hard,-8.179182084013563e-07
582,8,4,0.7745696,0,2117,7.944945432391402e-06,hard,hard,7.996203536723268e-07
583,8,6,0.5410398,1,1742,-3.413267380917715e-06,medium,hard,6.348185906214552e-06
584,8,6,1.0524375,1,641,1.727572487482106e-05,medium,hard,-5.631664459925711e-06
585,8,5,1.1404056,1,851,2.45817753677286e-05,medium,hard,1.2717892628292608e-06
586,8,4,0.6030616,1,347,1.7641459833435066e-06,hard,hard,-5.777559364309082e-06
587,8,4,0.7954396,1,384,-5.594810693186829e-06,hard,hard,-5.552641146437547e-06
588,8,5,0.6099681,1,363,8.888908660087959e-06,easy,hard,-3.8222278368992426e-06
589,8,6,0.5320690001,0,315,1.4270895927305406e-05,hard,hard,-4.21555605732647e-06
590,8,5,1.6650576,0,607,5.332255545526292e-06,medium,hard,-8.639681152376525e-06
591,8,6,0.5882262,1,626,-7.317873328045973e-07,easy,hard,6.238523424585984e-06
592,8,5,0.6824127,1,416,6.740107969093806e-06,hard,hard,5.175672015320947e-06
593,8,6,0.5773891,1,588,1.3360912477731923e-05,medium,hard,3.1586451386667494e-06
594,8,6,0.4930434,1,706,6.526202270137553e-06,medium,hard,-8.453083998577804e-07
595,8,6,0.4850863999,1,1272,9.146473859413856e-06,easy,hard,4.028073325994304e-06
596,8,6,0.6212179001,1,1535,-7.86561699757698e-07,easy,hard,-5.98227488369884e-07
597,8,6,0.5404074,1,1423,2.4424809962128327e-06,medium,hard,5.472165019024789e-06
598,8,6,0.636492,1,1551,3.230710988108264e-06,easy,hard,3.3735432222216365e-09
599,8,5,0.6006368001,1,748,3.3973501051559367e-06,hard,hard,1.7339390903205074e-05
600,8,6,0.761404,1,1011,-8.422274478823252e-06,easy,hard,1.0814942698093425e-06
601,8,4,1.8800582,1,898,1.041983972520727e-06,hard,hard,1.335433712151015e-05
602,8,4,0.6272671,1,615,1.6288648047526263e-05,medium,hard,-3.3653456726406083e-06
603,8,5,0.8259033001,1,961,-9.303218767962413e-06,easy,hard,1.1040377817585355e-06
604,8,3,1.0308538,1,1796,-3.3187718653635274e-07,hard,hard,4.772894194205506e-06
605,8,5,0.7614916001,1,769,6.408783862208895e-06,easy,hard,3.564919420134982e-06
606,8,5,0.6753588001,0,632,-9.629629488716526e-06,easy,hard,5.279150149868103e-06
607,8,5,0.7124781,1,471,1.1763413025105832e-05,easy,hard,-1.0298850810393345e-05
608,8,5,0.5071778001,0,355,1.1816230967144141e-05,hard,hard,2.013695486050007e-06
609,8,5,0.8719593,1,724,7.18687648727516e-06,medium,hard,-3.3713587157851516e-06
610,8,1,0.6670397,0,1408,-5.223409229754538e-06,medium,hard,-1.0326791812716123e-05
611,8,5,0.8839056999,1,408,1.4590669770444995e-05,medium,hard,-5.445516055307106e-06
612,8,4,0.786102,1,1147,1.2068455729317395e-05,hard,hard,1.136607228594672e-05
613,8,5,0.7278174,1,451,1.9835993298590997e-06,easy,hard,-5.212879413106067e-07
614,8,5,0.6914623,1,376,1.4184753819299303e-05,medium,hard,9.814825613689131e-06
615,8,5,0.4850879,1,921,2.0968654870914453e-06,medium,hard,2.744545629635406e-06
616,8,5,0.655613,1,925,-1.1359331744683774e-05,hard,hard,8.44851596282426e-06
617,8,5,0.6659411,0,513,1.3903380732690594e-05,medium,hard,9.260508086776711e-07
618,8,3,1.4116775,1,501,3.110694527878328e-06,hard,hard,-4.847532182769912e-07
619,8,1,0.5066957,0,929,2.6803455058025724e-06,medium,hard,-2.3657979556951068e-06
620,8,5,0.8954199,0,651,1.346524329523535e-05,hard,hard,-1.5304536609278485e-07
621,8,4,0.7238351,1,727,4.7978590723107646e-06,hard,hard,-1.8183330399565763e-07
622,8,5,0.6804827,1,640,-5.6729131348685e-08,easy,hard,2.7039028318387374e-06
623,8,5,0.6173927,1,482,-2.562393574535251e-06,medium,hard,1.344605629536989e-05
624,8,5,0.4594508,1,398,5.872053813012118e-06,hard,hard,-2.152527068762433e-06
625,8,6,0.4961389001,1,479,2.6763059066881856e-06,easy,hard,-5.568351684946358e-07
626,8,4,0.5956006,1,838,2.08550187719501e-06,medium,hard,4.865286598171073e-06
627,8,5,0.4869468,1,340,1.917291082852799e-05,medium,hard,-7.822425187460692e-06
628,8,6,0.8355085001,1,442,1.1461893273141675e-05,hard,hard,-3.7897983763057846e-06
629,8,6,0.5125766,1,341,1.2441767189644695e-06,hard,hard,-3.5678169072569326e-06
630,8,5,0.5945605,1,1043,9.259903299427625e-06,easy,hard,5.177260845200384e-06
631,8,1,0.4461985,0,585,1.6306232856106585e-05,easy,hard,-4.93129918203832e-06
632,8,6,0.6059848999,1,284,-1.932712717919853e-06,easy,hard,6.291133820314446e-06
633,8,5,0.5448435,0,478,-1.5674937885954548e-06,medium,hard,-9.558555920016191e-06
634,8,6,0.5503698,1,550,1.0726642076358892e-05,easy,hard,9.378581062594293e-06
635,8,5,0.5551078001,1,416,5.173323929693419e-06,medium,hard,7.480051713725109e-06
636,8,5,0.4576657,1,526,-4.4911291042059135e-06,hard,hard,4.513090209863063e-06
637,8,6,0.7140444,1,432,9.478476629645152e-06,hard,hard,-3.264337585415231e-06
638,8,6,0.5305867,1,365,2.6900222568232683e-05,medium,hard,-5.647028746559437e-06
639,8,6,0.5931334,1,425,1.583193295634669e-05,hard,hard,-1.7009952983253216e-05
640,8,5,0.9373508999,1,470,-4.949622219832076e-06,medium,hard,2.7465286720236446e-06
641,8,4,0.8064891,1,981,-3.216245838496591e-07,hard,hard,2.3531469784945913e-06
642,8,4,0.7756847,0,243,5.018742226805483e-06,easy,hard,1.111176528670532e-05
643,8,6,1.9749051001,1,445,2.5202713569786014e-06,easy,hard,-3.299338862386199e-06
644,8,6,0.9656660999,1,1287,-3.714861994093351e-06,easy,hard,9.372251740276453e-07
645,8,5,0.5302053001,0,377,3.7166018744008926e-06,hard,hard,-1.507646046084001e-07
646,8,5,0.5148690999,1,345,-6.608438648244292e-06,medium,hard,-7.422988090437633e-06
647,8,5,0.4650124999,1,444,2.3403206497463712e-06,easy,hard,-3.1542180907160147e-06
648,8,5,0.5514528999,0,343,8.583372623415966e-06,medium,hard,8.255726675327542e-06
649,8,6,0.7859624,1,445,-9.311555975900264e-08,medium,hard,-5.6503791507144444e-06
650,8,5,0.5145783001,1,361,1.9462278821448797e-06,easy,hard,7.73542868573036e-06
651,8,1,0.5330179,0,713,1.8436372753506793e-05,hard,hard,-3.5034298935771904e-06
652,8,5,0.4653453,0,557,-6.881496138592606e-06,hard,hard,1.032809107184783e-06
653,8,6,0.551456,1,292,2.654307002924376e-06,medium,hard,-2.5444259203512863e-06
654,8,6,0.5113407,1,311,1.2178185621870298e-05,hard,hard,-2.651732801033663e-06
655,8,6,0.53443,1,326,1.0510348462787414e-05,easy,hard,-7.288097607711894e-07
656,8,5,0.7169309,1,321,-1.127397806937822e-05,hard,hard,-6.263713158924447e-07
657,8,6,0.7385553999,1,362,1.1138953206341925e-05,hard,hard,7.38138326908261e-07
658,8,6,0.6463347001,1,325,1.9833074655498158e-05,easy,hard,-9.069520986009873e-07
659,8,5,0.5489087,1,325,-2.5473351691165993e-06,medium,hard,-1.5710995407429054e-06
660,8,5,0.6173723,1,290,4.068573733715414e-06,hard,hard,1.4576889334787701e-06
661,8,4,0.8696073,0,934,1.2986900011191026e-05,easy,hard,-5.469647705880606e-07
662,8,5,0.6442924001,1,827,-1.8679859200169194e-06,easy,hard,-8.598609921826552e-06
663,8,6,0.5983605001,1,1205,1.0943558013611931e-05,medium,hard,2.620170467735139e-06
664,8,4,0.4060767,0,1047,7.279226223569913e-06,easy,hard,1.9719481886809568e-05
665,8,5,0.5276796999,1,1051,1.3945554772169116e-05,easy,hard,6.670560780356035e-06
666,8,1,0.5075305001,0,816,8.434518291710157e-06,medium,hard,5.063302863635629e-06
667,8,4,0.5254028001,1,747,6.695085986837712e-07,hard,hard,-1.794154913593109e-05
668,8,4,0.5611649,1,379,1.4154644865582558e-07,hard,hard,-2.7322001492401058e-06
669,8,6,0.4806568,1,396,6.3685556398141215e-06,easy,hard,-6.40858814559674e-06
670,8,6,0.7137531,1,1425,-2.842441643587853e-06,easy,hard,2.497728502046814e-07
671,8,5,0.5508333,1,1414,9.843474234368833e-06,easy,hard,-7.229248743921346e-06
672,8,5,0.626758,1,808,-9.412634435554348e-07,easy,hard,7.454362120325529e-06
673,8,5,0.6027947001,1,337,6.4554753247693254e-06,hard,hard,-1.0440210789703856e-05
674,8,4,0.4249494,1,758,8.570360233999093e-06,medium,hard,-5.34977018651146e-06
675,8,4,0.5693452,0,580,1.233107265648492e-05,medium,hard,4.537703697218795e-06
676,8,4,0.6110328999,1,312,-3.5051849911217755e-07,medium,hard,2.041828093610911e-06
677,8,6,0.6173196001,1,278,5.105871580269359e-06,easy,hard,1.670464071932189e-06
678,8,6,0.8137436999,1,240,5.752804212052072e-06,hard,hard,4.667084328576517e-06
679,8,6,0.5347942,0,225,2.1588396586481185e-05,hard,hard,-1.940897373559393e-05
680,8,5,0.4864194,0,233,9.61683005159803e-07,medium,hard,-5.12276099264676e-06
681,8,5,0.7750086,1,627,-2.6867083024421955e-06,easy,hard,7.480386521205321e-06
682,8,6,0.7091783,1,257,6.742611130988578e-06,easy,hard,-2.410739355415139e-06
683,8,6,0.5724854,1,291,7.905052933298156e-06,hard,hard,1.3876096522336497e-06
684,8,6,0.6023078001,1,241,2.1357527279051806e-06,easy,hard,1.8201667704541476e-06
685,8,6,0.4978400001,1,230,1.1300442093090177e-05,medium,hard,4.910835603609362e-06
686,8,5,0.7276202,1,338,1.059316010736352e-05,hard,hard,-7.022247195283125e-06
687,8,5,0.5374069001,0,242,5.307969761532194e-06,hard,hard,3.2990684211820837e-06
688,8,1,0.3657149,0,844,8.205226395033708e-06,easy,hard,3.6103902344863537e-06
689,8,4,0.6813229,1,464,3.2058352778470535e-06,hard,hard,7.966506801194903e-06
690,8,4,0.9923539,1,539,9.374486355294412e-06,medium,hard,-3.3691573331187145e-05
691,8,5,0.872753,1,277,-5.21239909108501e-06,hard,hard,8.106436985408818e-06
692,8,5,0.6634644,1,307,9.860620014463753e-06,easy,hard,5.8914660874439416e-06
693,8,5,0.7338516,1,218,1.6078451856407028e-05,medium,hard,-9.648235877181289e-06
694,8,2,0.4883661,0,1378,1.183551574017052e-05,hard,hard,-6.408310724918647e-06
695,8,6,0.5128608999,1,1386,6.737304880015256e-06,easy,hard,-6.562390387346023e-07
696,8,4,0.906969,1,881,4.648205130711741e-06,hard,hard,1.0505234598933958e-05
697,8,5,0.5440227999,1,443,-8.685618373064641e-07,medium,hard,-3.102334263326785e-06
698,8,5,0.552373,1,1398,1.7995557102215325e-05,medium,hard,-1.095052325137163e-05
699,8,5,0.5764749,1,1562,9.360425728817315e-06,medium,hard,3.4520267069366544e-06
700,8,5,0.7330698,1,1250,3.198418520271824e-06,easy,hard,-5.261269764096536e-07
